
/*INSERT DATA INTO USER*/
INSERT INTO user(id,createdDate,modifiedDate,isActive,uuid,avtar,email,password,firstName,middleName,lastName,gender,logInFailureAttempts,mobile,createdBy,modifiedBy,countryCode) values 
(1,sysdate(),sysdate(),1,'ZKbOhFMK84s','https://s3.amazonaws.com/gamez2know/assets/images/user.png','superAdmin@onm.com','25d55ad283aa400af464c76d713c07ad','Super',null,'Admin','Male',0,9999999900,1,1,'91'),
(2,sysdate(),sysdate(),1,'YKbOhFMK84s','https://s3.amazonaws.com/gamez2know/assets/images/user.png','admin@onm.com','25d55ad283aa400af464c76d713c07ad','Admin',null,null,'Male',0,9999999901,2,2,'91'),
(3,sysdate(),sysdate(),1,'AKbOhFMK84s','https://s3.amazonaws.com/gamez2know/assets/images/user.png','satish@onm.com','25d55ad283aa400af464c76d713c07ad','Satish',null,'G','Male',0,7801082014,3,3,'91'),
(4,sysdate(),sysdate(),1,'BKbOhFMK84s','https://s3.amazonaws.com/gamez2know/assets/images/user.png','ramesh@onm.com','25d55ad283aa400af464c76d713c07ad','Ramesh',null,'M','Male',0,9999999903,4,4,'91'),
(5,sysdate(),sysdate(),1,'CKbOhFMK84s','https://s3.amazonaws.com/gamez2know/assets/images/user.png','suresh.gogu@onm.com','25d55ad283aa400af464c76d713c07ad','Suresh',null,'T','Male',0,9999999904,5,5,'91'),
(6,sysdate(),sysdate(),1,'DKbOhFMK84s','https://s3.amazonaws.com/gamez2know/assets/images/user.png','raju@onm.com','25d55ad283aa400af464c76d713c07ad','Raju','p','k','Male',0,9999999905,6,6,'91'),
(7,sysdate(),sysdate(),1,'EKbOhFMK84s','https://s3.amazonaws.com/gamez2know/assets/images/user.png','ravi@onm.com','25d55ad283aa400af464c76d713c07ad','Ravi',null,'G','Male',0,9999999906,7,7,'91'),
(8,sysdate(),sysdate(),1,'FKbOhFMK84s','https://s3.amazonaws.com/gamez2know/assets/images/user.png','sivakumar@onm.com','25d55ad283aa400af464c76d713c07ad','Siva',null,'M','Male',0,7702595800,8,8,'91'),
(9,sysdate(),sysdate(),1,'GKbOhFMK84s','https://s3.amazonaws.com/gamez2know/assets/images/user.png','narasayya@onm.com','25d55ad283aa400af464c76d713c07ad','Narasayya',null,'T','Male',0,9000884993,9,9,'91'),
(10,sysdate(),sysdate(),1,'HKbOhFMK84s','https://s3.amazonaws.com/gamez2know/assets/images/user.png','gangadhar@onm.com','25d55ad283aa400af464c76d713c07ad','Gangadhar',null,'k','Male',0,9908743270,10,10,'91'),
(11,sysdate(),sysdate(),1,'IKbOhFMK84s','https://s3.amazonaws.com/gamez2know/assets/images/user.png','phanisai@onm.com','25d55ad283aa400af464c76d713c07ad','Sai',null,'T','Male',0,9966088101,11,11,'91'),
(12,sysdate(),sysdate(),1,'JKbOhFMK84s','https://s3.amazonaws.com/gamez2know/assets/images/user.png','naveen@onm.com','25d55ad283aa400af464c76d713c07ad','Naveen',null,'k','Male',0,9999999911,12,12,'91'),
(13,sysdate(),sysdate(),1,'KKbOhFMK84s','https://s3.amazonaws.com/gamez2know/assets/images/user.png','sekhar@onm.com','25d55ad283aa400af464c76d713c07ad','Sekhar',null,'k','Male',0,9999999912,13,13,'91'),
(14,sysdate(),sysdate(),1,'LKbOhFMK84s','https://s3.amazonaws.com/gamez2know/assets/images/user.png','venkatesh@onm.com','25d55ad283aa400af464c76d713c07ad','Venkateshwar',null,'Kamlekar','Male',0,9999999913,14,14,'91'),
(15,sysdate(),sysdate(),1,'MKbOhFMK84s','https://s3.amazonaws.com/gamez2know/assets/images/user.png','manasa.lingamallu@onm.com','25d55ad283aa400af464c76d713c07ad','Manasa',null,'Lingamallu','Female',0,9999999914,15,15,'91'),
(16,sysdate(),sysdate(),1,'OKbOhFMK84s','https://s3.amazonaws.com/gamez2know/assets/images/user.png','rammurthy@onm.com','25d55ad283aa400af464c76d713c07ad','Rammurthy',null,'k','Male',0,9999999920,16,16,'91'),
(17,sysdate(),sysdate(),1,'PKbOhFMK84s','https://s3.amazonaws.com/gamez2know/assets/images/user.png','hemantha.lakshmi@onm.com','25d55ad283aa400af464c76d713c07ad','Hemantha',null,'Lakshmi','Female',0,9999999915,17,17,'91'),
(18,sysdate(),sysdate(),1,'QKbOhFMK84s','https://s3.amazonaws.com/gamez2know/assets/images/user.png','bharath@onm.com','25d55ad283aa400af464c76d713c07ad','Bharath',null,'S','Male',0,9542143456,18,18,'91'),
(19,sysdate(),sysdate(),1,'RKbOhFMK84s','https://s3.amazonaws.com/gamez2know/assets/images/user.png','swarna@onm.com','25d55ad283aa400af464c76d713c07ad','Swarna',null,'k','Female',0,9999999917,19,19,'91'),
(20,sysdate(),sysdate(),1,'SKbOhFMK84s','https://s3.amazonaws.com/gamez2know/assets/images/user.png','pavan@onm.com','25d55ad283aa400af464c76d713c07ad','Pavan',null,'Lakshmi','Male',0,9999999918,20,20,'91'),
(21,sysdate(),sysdate(),1,'TKbOhFMK84s','https://s3.amazonaws.com/gamez2know/assets/images/user.png','harsha@onm.com','25d55ad283aa400af464c76d713c07ad','Harsha',null,'S','Male',0,9999999919,21,21,'91');


INSERT INTO userDetails(id,createdDate,modifiedDate,isActive,uuid,businessMonthlyIncome,personalMonthlyIncome,userId,createdBy,modifiedBy) values 
(1,sysdate(),sysdate(),1,'ZKbOhFMK84s',120000,45000,1,1,1),
(2,sysdate(),sysdate(),1,'YKbOhFMK84s',120000,45000,2,2,2),
(3,sysdate(),sysdate(),1,'AKbOhFMK84s',120000,45000,3,3,3),
(4,sysdate(),sysdate(),1,'BKbOhFMK84s',120000,45000,4,4,4),
(5,sysdate(),sysdate(),1,'CKbOhFMK84s',120000,45000,5,5,5),
(6,sysdate(),sysdate(),1,'DKbOhFMK84s',120000,45000,6,6,6),
(7,sysdate(),sysdate(),1,'EKbOhFMK84s',120000,45000,7,7,7),
(8,sysdate(),sysdate(),1,'FKbOhFMK84s',120000,45000,8,8,8),
(9,sysdate(),sysdate(),1,'GKbOhFMK84s',120000,45000,9,9,9),
(10,sysdate(),sysdate(),1,'HKbOhFMK84s',120000,45000,10,10,10),
(11,sysdate(),sysdate(),1,'IKbOhFMK84s',120000,45000,11,11,11),
(12,sysdate(),sysdate(),1,'JKbOhFMK84s',120000,45000,12,12,12),
(13,sysdate(),sysdate(),1,'KKbOhFMK84s',120000,45000,13,13,13),
(14,sysdate(),sysdate(),1,'LKbOhFMK84s',120000,45000,14,14,14),
(15,sysdate(),sysdate(),1,'MKbOhFMK84s',120000,45000,15,15,15),
(16,sysdate(),sysdate(),1,'OKbOhFMK84s',120000,45000,16,16,16),
(17,sysdate(),sysdate(),1,'PKbOhFMK84s',120000,45000,17,17,17),
(18,sysdate(),sysdate(),1,'QKbOhFMK84s',120000,45000,18,18,18),
(19,sysdate(),sysdate(),1,'RKbOhFMK84s',120000,45000,19,19,19),
(20,sysdate(),sysdate(),1,'SKbOhFMK84s',120000,45000,20,20,20),
(21,sysdate(),sysdate(),1,'TKbOhFMK84s',120000,45000,21,21,21);


insert into category (id,createdDate,isActive,modifiedDate,uuid,name,parentId,createdBy,modifiedBy) values  
(1,sysdate(),1,sysdate(),'cy-000-1','Auto & Transport',null,1,1),
(2,sysdate(),1,sysdate(),'cy-000-1-1','Auto Insurance',1,1,1),
(3,sysdate(),1,sysdate(),'cy-000-1-2','Auto Payment',1,1,1),
(4,sysdate(),1,sysdate(),'cy-000-1-3','Gas & Fuel',1,1,1),
(5,sysdate(),1,sysdate(),'cy-000-1-4','Parking',1,1,1),
(6,sysdate(),1,sysdate(),'cy-000-1-5','Public Transportation',1,1,1),
(7,sysdate(),1,sysdate(),'cy-000-1-6','Service & Parts',1,1,1),

(8,sysdate(),1,sysdate(),'cy-000-2','Bills & Utilities',null,1,1),
(9,sysdate(),1,sysdate(),'cy-000-2-1','Home Phone',8,1,1),
(10,sysdate(),1,sysdate(),'cy-000-2-2','Internet',8,1,1),
(11,sysdate(),1,sysdate(),'cy-000-2-3','Mobile Phone',8,1,1),
(12,sysdate(),1,sysdate(),'cy-000-2-4','Television',8,1,1),
(13,sysdate(),1,sysdate(),'cy-000-2-5','Utilities',8,1,1),

(14,sysdate(),1,sysdate(),'cy-000-3','Business Services',null,1,1),
(15,sysdate(),1,sysdate(),'cy-000-3-1','Advertising',14,1,1),
(16,sysdate(),1,sysdate(),'cy-000-3-2','Legal',14,1,1),
(17,sysdate(),1,sysdate(),'cy-000-3-3','Office Supplies',14,1,1),
(18,sysdate(),1,sysdate(),'cy-000-3-4','Printing',14,1,1),
(19,sysdate(),1,sysdate(),'cy-000-3-5','Shipping',14,1,1),        

(20,sysdate(),1,sysdate(),'cy-000-4','Education',null,1,1),
(21,sysdate(),1,sysdate(),'cy-000-4-1','Books & Supplies',20,1,1),
(22,sysdate(),1,sysdate(),'cy-000-4-2','Student Loan',20,1,1),
(23,sysdate(),1,sysdate(),'cy-000-4-3','Tuition',20,1,1),        

(24,sysdate(),1,sysdate(),'cy-000-5','Entertainment',null,1,1),
(25,sysdate(),1,sysdate(),'cy-000-5-1','Amusement',24,1,1),
(26,sysdate(),1,sysdate(),'cy-000-5-2','Arts',24,1,1),
(27,sysdate(),1,sysdate(),'cy-000-5-3','Movies & DVDs',24,1,1),
(28,sysdate(),1,sysdate(),'cy-000-5-4','Music',24,1,1),                
(29,sysdate(),1,sysdate(),'cy-000-5-5','Newspapers & Magazines',24,1,1),

(30,sysdate(),1,sysdate(),'cy-000-6','Fees & Charges',null,1,1),
(31,sysdate(),1,sysdate(),'cy-000-6-1','ATM Fee',30,1,1),
(32,sysdate(),1,sysdate(),'cy-000-6-2','Bank Fee',30,1,1),
(33,sysdate(),1,sysdate(),'cy-000-6-3','Finance Charge',30,1,1),
(34,sysdate(),1,sysdate(),'cy-000-6-4','Late Fee',30,1,1),        
(35,sysdate(),1,sysdate(),'cy-000-6-5','Service Fee',30,1,1),
(36,sysdate(),1,sysdate(),'cy-000-6-6','Trade Commissions',30,1,1),

(37,sysdate(),1,sysdate(),'cy-000-7','Financial',null,1,1),        
(38,sysdate(),1,sysdate(),'cy-000-7-1','Financial Advisor',37,1,1),
(39,sysdate(),1,sysdate(),'cy-000-7-2','Life Insurance',37,1,1),

(40,sysdate(),1,sysdate(),'cy-000-8','Food & Beverages',null,1,1),
(41,sysdate(),1,sysdate(),'cy-000-8-1','Alcohol & Bars',40,1,1),
(42,sysdate(),1,sysdate(),'cy-000-8-2','Coffee Shops',40,1,1),
(43,sysdate(),1,sysdate(),'cy-000-8-3','Fast Food',40,1,1),
(44,sysdate(),1,sysdate(),'cy-000-8-4','Groceries',40,1,1),
(45,sysdate(),1,sysdate(),'cy-000-8-5','Restaurants',40,1,1),

(46,sysdate(),1,sysdate(),'cy-000-9','Gifts & Donations',null,1,1),        
(47,sysdate(),1,sysdate(),'cy-000-9-1','Charity',46,1,1),
(48,sysdate(),1,sysdate(),'cy-000-9-2','Gift',46,1,1),        

(49,sysdate(),1,sysdate(),'cy-000-10','Health & Fitness',null,1,1),
(50,sysdate(),1,sysdate(),'cy-000-10-1','Dentist',49,1,1),
(51,sysdate(),1,sysdate(),'cy-000-10-2','Doctor',49,1,1),
(52,sysdate(),1,sysdate(),'cy-000-10-3','Eyecare',49,1,1),
(53,sysdate(),1,sysdate(),'cy-000-10-4','Gym',49,1,1),        
(54,sysdate(),1,sysdate(),'cy-000-10-5','Health Insurance',49,1,1),
(55,sysdate(),1,sysdate(),'cy-000-10-6','Pharmacy',49,1,1),
(56,sysdate(),1,sysdate(),'cy-000-10-7','Sports',49,1,1),        

(57,sysdate(),1,sysdate(),'cy-000-11','Home',null,1,1),
(58,sysdate(),1,sysdate(),'cy-000-11-1','Furnishings',57,1,1),
(59,sysdate(),1,sysdate(),'cy-000-11-2','Home Improvement',57,1,1),
(60,sysdate(),1,sysdate(),'cy-000-11-3','Home Insurance',57,1,1),
(61,sysdate(),1,sysdate(),'cy-000-11-4','Home Services',57,1,1),        
(62,sysdate(),1,sysdate(),'cy-000-11-5','Home Supplies',57,1,1),
(63,sysdate(),1,sysdate(),'cy-000-11-6','Lawn & Garden',57,1,1),
(64,sysdate(),1,sysdate(),'cy-000-11-7','Mortgage & Rent',57,1,1),

(65,sysdate(),1,sysdate(),'cy-000-12','Income',null,1,1),
(66,sysdate(),1,sysdate(),'cy-000-12-1','Bonus',65,1,1),
(67,sysdate(),1,sysdate(),'cy-000-12-2','Interest Income',65,1,1),
(68,sysdate(),1,sysdate(),'cy-000-12-3','Paycheck',65,1,1),
(69,sysdate(),1,sysdate(),'cy-000-12-4','Reimbursement',65,1,1),        
(70,sysdate(),1,sysdate(),'cy-000-12-5','Rental Income',65,1,1),
(71,sysdate(),1,sysdate(),'cy-000-12-6','Returned Purchase',65,1,1),

(72,sysdate(),1,sysdate(),'cy-000-13','Kids',null,1,1),
(73,sysdate(),1,sysdate(),'cy-000-13-1','Allowance',72,1,1),
(74,sysdate(),1,sysdate(),'cy-000-13-2','Baby Supplies',72,1,1),
(75,sysdate(),1,sysdate(),'cy-000-13-3','Babysitter & Daycare',72,1,1),
(76,sysdate(),1,sysdate(),'cy-000-13-4','Child Support',72,1,1),        
(77,sysdate(),1,sysdate(),'cy-000-13-5','Kids Activities',72,1,1),
(78,sysdate(),1,sysdate(),'cy-000-13-6','Toys',72,1,1),

(79,sysdate(),1,sysdate(),'cy-000-14','Loans',null,1,1),
(80,sysdate(),1,sysdate(),'cy-000-14-1','Loan Fees and Charges',79,1,1),
(81,sysdate(),1,sysdate(),'cy-000-14-2','Loan Insurance',79,1,1),
(82,sysdate(),1,sysdate(),'cy-000-14-3','Loan Interest',79,1,1),        
(83,sysdate(),1,sysdate(),'cy-000-14-4','Loan Payment',79,1,1),
(84,sysdate(),1,sysdate(),'cy-000-14-5','Loan Principal',79,1,1),

(85,sysdate(),1,sysdate(),'cy-000-15','Personal Care',null,1,1),
(86,sysdate(),1,sysdate(),'cy-000-15-1','Hair',85,1,1),
(87,sysdate(),1,sysdate(),'cy-000-15-2','Laundry',85,1,1),
(88,sysdate(),1,sysdate(),'cy-000-15-3','Spa & Massage',85,1,1),        

(89,sysdate(),1,sysdate(),'cy-000-16','Pets',null,1,1),
(90,sysdate(),1,sysdate(),'cy-000-16-1','Pet Food & Supplies',89,1,1),
(91,sysdate(),1,sysdate(),'cy-000-16-2','Pet Grooming',89,1,1),
(92,sysdate(),1,sysdate(),'cy-000-16-3','Veterinary',89,1,1),        

(93,sysdate(),1,sysdate(),'cy-000-17','Shopping',null,1,1),
(94,sysdate(),1,sysdate(),'cy-000-17-1','Books',93,1,1),
(95,sysdate(),1,sysdate(),'cy-000-17-2','Clothing',93,1,1),
(96,sysdate(),1,sysdate(),'cy-000-17-3','Electronics & Software',93,1,1),        
(97,sysdate(),1,sysdate(),'cy-000-17-4','Hobbies',93,1,1),
(98,sysdate(),1,sysdate(),'cy-000-17-5','Sporting Goods',93,1,1),

(99,sysdate(),1,sysdate(),'cy-000-18','Taxes',null,1,1),
(100,sysdate(),1,sysdate(),'cy-000-18-1','Federal Tax',99,1,1),
(101,sysdate(),1,sysdate(),'cy-000-18-2','Local Tax',99,1,1),
(102,sysdate(),1,sysdate(),'cy-000-18-3','Property Tax',99,1,1),        
(103,sysdate(),1,sysdate(),'cy-000-18-4','Sales Tax',99,1,1),
(104,sysdate(),1,sysdate(),'cy-000-18-5','State Tax',99,1,1),

(105,sysdate(),1,sysdate(),'cy-000-19','Transfer',null,1,1),
(106,sysdate(),1,sysdate(),'cy-000-19-1','Credit Card Payment',105,1,1),
(107,sysdate(),1,sysdate(),'cy-000-19-2','Transfer for Cash Spending',105,1,1),

(108,sysdate(),1,sysdate(),'cy-000-20','Travel',null,1,1),
(109,sysdate(),1,sysdate(),'cy-000-20-1','Air Travel',108,1,1),
(110,sysdate(),1,sysdate(),'cy-000-20-2','Hotel',108,1,1),
(111,sysdate(),1,sysdate(),'cy-000-20-3','Rental Car & Taxi',108,1,1),
(112,sysdate(),1,sysdate(),'cy-000-20-4','Vacation',108,1,1),

(113,sysdate(),1,sysdate(),'cy-000-21','Others',null,1,1),
(114,sysdate(),1,sysdate(),'cy-000-21-1','Cash & ATM',113,1,1),
(115,sysdate(),1,sysdate(),'cy-000-21-2','Check',113,1,1),

(116,sysdate(),1,sysdate(),'cy-000-22','Exclude From Trends',null,1,1);

insert into budget (id,createdDate,isActive,modifiedDate,uuid,budgetedAmount,createdBy,modifiedBy,categoryId,purpose) values
(1,'2016-09-01 20:28:18',1,null,null,50000,3,3,1,'P'),
(2,'2016-10-07 20:28:18',1,null,null,10000,3,3,2,'P'),
(3,'2016-10-01 20:28:18',1,'2017-01-02 20:28:18',null,10000,3,3,3,'P'),
(4,'2016-10-01 20:28:18',1,null,null,5000,3,3,4,'P'),
(5,'2016-10-09 20:28:18',1,null,null,5000,3,3,5,'P'),
(6,'2016-10-01 20:28:18',1,null,null,5000,3,3,6,'P'),
(7,'2016-09-15 20:28:18',1,null,null,5000,3,3,7,'P'),

(8,'2016-10-15 20:28:18',1,null,null,50000,3,3,8,'B'),
(9,'2016-10-15 20:28:18',1,null,null,10000,3,3,9,'B'),
(10,'2016-11-02 20:28:18',1,null,null,10000,3,3,10,'B'),
(11,'2016-11-04 20:28:18',1,'2017-01-02 20:28:18',null,10000,3,3,11,'B'),
(12,'2016-12-01 20:28:18',1,null,null,10000,3,3,12,'B'),
(13,'2016-10-01 20:28:18',1,'2016-12-31 20:28:18',null,10000,3,3,13,'B'),

(14,sysdate(),0,null,null,30000,2,2,14,'P'),
(15,sysdate(),0,null,null,5000,2,2,15,'P'),
(16,sysdate(),0,null,null,4750,2,2,16,'P'),
(17,sysdate(),0,null,null,5250,2,2,17,'P'),
(18,sysdate(),0,null,null,5000,2,2,18,'P'),
(19,sysdate(),0,null,null,5000,2,2,19,'P'),

(20,sysdate(),0,null,null,100000,2,2,20,'B'),
(21,sysdate(),0,null,null,25000,2,2,21,'B'),
(22,sysdate(),0,null,null,25000,2,2,22,'B'),
(23,sysdate(),0,null,null,25000,2,2,23,'B'),

(24,'2016-09-01 20:28:18',0,null,null,100000,4,4,24,'P'),
(25,'2016-10-11 20:28:18',0,null,null,20000,4,4,25,'P'),
(26,'2016-11-21 20:28:18',0,null,null,10000,4,4,26,'P'),
(27,'2016-12-02 20:28:18',0,null,null,30000,4,4,27,'P'),
(28,'2017-01-27 20:28:18',0,null,null,15000,4,4,28,'P'),
(29,'2017-02-01 20:28:18',0,null,null,25000,4,4,29,'P'),

(30,'2016-09-10 20:28:18',0,null,null,60000,4,4,30,'B'),
(31,'2016-10-01 20:28:18',0,null,null,10000,4,4,31,'B'),
(32,'2016-09-21 20:28:18',0,null,null,5000,4,4,32,'B'),
(33,'2016-12-05 20:28:18',0,null,null,15000,4,4,33,'B'),
(34,'2017-01-01 20:28:18',0,null,null,10000,4,4,34,'B'),
(35,'2016-11-01 20:28:18',0,null,null,10000,4,4,35,'B'),
(36,'2016-09-01 20:28:18',0,null,null,10000,4,4,36,'B'),

(37,'2016-10-01 20:28:18',0,null,null,20000,5,5,37,'P'),
(38,'2016-12-01 20:28:18',0,null,null,15000,5,5,38,'P'),
(39,'2016-09-01 20:28:18',0,null,null,5000,5,5,39,'P'),

(40,'2016-10-01 20:28:18',0,null,null,100000,5,5,40,'B'),
(41,'2016-12-01 20:28:18',0,null,null,20000,5,5,41,'B'),
(42,'2016-09-01 20:28:18',0,null,null,20000,5,5,42,'B'),
(43,'2016-10-10 20:28:18',0,null,null,10000,5,5,43,'B'),
(44,'2016-12-01 20:28:18',0,null,null,30000,5,5,44,'B'),
(45,'2016-09-01 20:28:18',0,null,null,20000,5,5,45,'B'),

(46,'2016-11-05 20:28:18',0,null,null,30000,6,6,46,'P'),
(47,'2016-12-06 20:28:18',0,null,null,15000,6,6,47,'P'),
(48,'2016-01-07 20:28:18',0,null,null,15000,6,6,48,'P'),

(49,'2016-09-07 20:28:18',0,null,null,42000,6,6,49,'B'),
(50,'2016-09-27 20:28:18',0,null,null,6000,6,6,50,'B'),
(51,'2016-12-07 20:28:18',0,null,null,6000,6,6,51,'B'),
(52,'2016-10-07 20:28:18',0,null,null,10000,6,6,52,'B'),
(53,'2016-12-11 20:28:18',0,null,null,2000,6,6,53,'B'),
(54,'2016-10-07 20:28:18',0,null,null,1000,6,6,54,'B'),
(55,'2016-12-10 20:28:18',0,null,null,11000,6,6,55,'B'),
(56,'2016-10-09 20:28:18',0,null,null,6000,6,6,56,'B'),

(57,'2016-09-07 20:28:18',0,null,null,42000,7,7,57,'P'),
(58,'2016-10-07 20:28:18',0,null,null,6000,7,7,58,'P'),
(59,'2016-11-07 20:28:18',0,null,null,1000,7,7,59,'P'),
(60,'2016-12-07 20:28:18',0,null,null,10000,7,7,60,'P'),
(61,'2016-09-07 20:28:18',0,null,null,11000,7,7,61,'P'),
(62,'2016-10-07 20:28:18',0,null,null,6000,7,7,62,'P'),
(63,'2016-10-01 20:28:18',0,null,null,2000,7,7,63,'P'),
(64,'2017-01-01 20:28:18',0,null,null,6000,7,7,64,'P'),

(65,'2016-09-07 20:28:18',0,null,null,60000,7,7,65,'B'),
(66,'2016-10-07 20:28:18',0,null,null,10000,7,7,66,'B'),
(67,'2016-11-07 20:28:18',0,null,null,3000,7,7,67,'B'),
(68,'2016-12-07 20:28:18',0,null,null,15000,7,7,68,'B'),
(69,'2016-09-07 20:28:18',0,null,null,17000,7,7,69,'B'),
(70,'2016-10-07 20:28:18',0,null,null,5000,7,7,70,'B'),
(71,'2016-10-01 20:28:18',0,null,null,10000,7,7,71,'B'),

(72,'2016-09-07 20:28:18',0,null,null,120000,8,8,72,'P'),
(73,'2016-10-07 20:28:18',0,null,null,20000,8,8,73,'P'),
(74,'2016-09-01 20:28:18',0,null,null,20000,8,8,74,'P'),
(75,'2016-10-01 20:28:18',0,null,null,20000,8,8,75,'P'),
(76,'2017-01-01 20:28:18',0,null,null,20000,8,8,76,'P'),
(77,'2017-02-01 20:28:18',0,null,null,20000,8,8,77,'P'),
(78,'2016-11-01 20:28:18',0,null,null,20000,8,8,78,'P'),

(79,'2016-09-07 20:28:18',0,null,null,100000,8,8,79,'B'),
(80,'2016-10-07 20:28:18',0,null,null,20000,8,8,80,'B'),
(81,'2016-09-01 20:28:18',0,null,null,10000,8,8,81,'B'),
(82,'2016-10-01 20:28:18',0,null,null,30000,8,8,82,'B'),
(83,'2017-01-01 20:28:18',0,null,null,15000,8,8,83,'B'),
(84,'2017-02-01 20:28:18',0,null,null,25000,8,8,84,'B'),

(85,'2016-09-01 20:28:18',0,null,null,60000,9,9,85,'P'),
(86,'2016-10-02 20:28:18',0,null,null,30000,9,9,86,'P'),
(87,'2016-11-03 20:28:18',0,null,null,20000,9,9,87,'P'),
(88,'2016-12-03 20:28:18',0,null,null,10000,9,9,88,'P'),

(89,'2016-09-01 20:28:18',0,null,null,30000,9,9,89,'B'),
(90,'2016-10-02 20:28:18',0,null,null,15000,9,9,90,'B'),
(91,'2016-11-03 20:28:18',0,null,null,5000,9,9,91,'B'),
(92,'2016-12-03 20:28:18',0,null,null,10000,9,9,92,'B'),

(93,'2016-09-01 20:28:18',0,null,null,20000,10,10,93,'P'),
(94,'2016-10-01 20:28:18',0,null,null,10000,10,10,94,'P'),
(95,'2016-11-01 20:28:18',0,null,null,2000,10,10,95,'P'),
(96,'2016-12-01 20:28:18',0,null,null,1000,10,10,96,'P'),
(97,'2017-01-01 20:28:18',0,null,null,5000,10,10,97,'P'),
(98,'2017-02-01 20:28:18',0,null,null,2000,10,10,98,'P'),

(99,sysdate(),0,null,null,30000,10,10,99,'B'),
(100,sysdate(),0,null,null,5000,10,10,100,'B'),
(101,sysdate(),0,null,null,10000,10,10,101,'B'),
(102,sysdate(),0,null,null,2000,10,10,102,'B'),
(103,sysdate(),0,null,null,5000,10,10,103,'B'),
(104,sysdate(),0,null,null,8000,10,10,104,'B'),

(105,'2016-09-01 20:28:18',0,null,null,10000,9,9,105,'P'),
(106,'2016-10-01 20:28:18',0,null,null,3000,9,9,106,'P'),
(107,'2016-11-01 20:28:18',0,null,null,7000,9,9,107,'P'),

(108,sysdate(),0,null,null,8000,9,9,108,'B'),
(109,sysdate(),0,null,null,4000,9,9,109,'B'),
(110,sysdate(),0,null,null,2000,9,9,110,'B'),
(111,sysdate(),0,null,null,1000,9,9,111,'B'),
(112,sysdate(),0,null,null,1000,9,9,112,'B'),

(113,'2016-09-01 20:28:18',0,null,null,10000,8,8,113,'P'), 
(114,'2016-11-01 20:28:18',0,null,null,7000,8,8,114,'P'),
(115,'2016-12-01 20:28:18',0,null,null,3000,8,8,115,'P'),

(116,'2017-02-01 20:28:18',0,null,null,10000,8,8,116,'B'),

(117,'2017-01-02 20:28:18',0,null,null,10500,8,8,3,'B'),
(118,'2017-01-20 20:28:18',0,null,null,10000,8,8,11,'B'),

(119,'2016-10-02 20:28:18',0,null,null,50000,13,13,1,'B'), 
(120,'2016-10-03 20:28:18',0,null,null,10000,13,13,2,'B'), 
(121,'2016-10-04 20:28:18',0,null,null,15000,13,13,3,'B'), 
(122,'2016-10-05 20:28:18',0,null,null,15000,13,13,4,'B'),

(123,'2016-11-06 20:28:18',0,null,null,20000,13,13,8,'B'), 
(124,'2016-11-07 20:28:18',0,null,null,5000,13,13,9,'B'),  
(125,'2016-11-08 20:28:18',0,null,null,5000,13,13,10,'B'), 
(126,'2016-11-09 20:28:18',0,null,null,10000,13,13,11,'B'),

(127,'2016-12-03 20:28:18',0,null,null,5000,13,13,15,'B'), 
(128,'2016-12-04 20:28:18',0,null,null,5000,13,13,16,'B'), 
(129,'2016-12-05 20:28:18',0,null,null,5000,13,13,17,'B'), 
(130,'2016-12-05 20:28:18',0,null,null,null,13,13,14,'B'),

(131,'2017-01-04 20:28:18',0,null,null,10000,13,13,20,'B'),

(132,'2017-02-01 20:28:18',0,null,null,75000,13,13,24,'B'),
(133,'2017-02-01 20:28:18',0,null,null,2000,13,13,25,'B'), 
(134,'2017-02-01 20:28:18',0,null,null,1000,13,13,26,'B'), 
(135,'2017-02-01 20:28:18',0,null,null,1000,13,13,27,'B'), 
(136,'2017-02-01 20:28:18',0,null,null,8000,13,13,28,'B'), 
(137,'2017-02-01 20:28:18',0,null,null,4000,13,13,29,'B'), 

(138,'2016-10-02 20:28:18',0,null,null,100000,13,13,65,'B'), 
(139,'2016-10-03 20:28:18',0,null,null,20000,13,13,66,'B'),
(140,'2016-10-04 20:28:18',0,null,null,15000,13,13,67,'B'),
(141,'2016-10-05 20:28:18',0,null,null,15000,13,13,68,'B'),

(142,'2016-10-02 20:28:18',0,null,null,100000,3,3,65,'B'), 
(143,'2016-10-03 20:28:18',0,null,null,20000,3,3,66,'B'),
(144,'2016-10-04 20:28:18',0,null,null,15000,3,3,67,'B'),
(145,'2016-10-05 20:28:18',0,null,null,15000,3,3,68,'B');

insert into financialinstitution (id,createdDate,isActive,modifiedDate,uuid,createdBy,modifiedBy,name,instCode) values 
(1,sysdate(),1,null,null,1,1,'Andhra Bank',1280),
(2,sysdate(),1,null,null,1,1,'Axis Bank',1281),
(3,sysdate(),1,null,null,1,1,'HDFC Bank',1282),
(4,sysdate(),1,null,null,1,1,'ICICI Bank',1283),
(5,sysdate(),1,null,null,1,1,'State Bank of India',1284),
(6,sysdate(),1,null,null,1,1,'Demo Bank-1',1201),
(7,sysdate(),1,null,null,1,1,'Demo Bank-2',1202),
(8,sysdate(),1,null,null,1,1,'Demo Bank-3',1203),
(9,sysdate(),1,null,null,1,1,'Demo Bank-4',1204);

insert into accounttype (id,createdDate,isActive,modifiedDate,uuid,createdBy,modifiedBy,name) values 
(1,sysdate(),1,null,null,1,1,'CASH'),
(2,sysdate(),1,null,null,1,1,'CREDIT'),
(3,sysdate(),1,null,null,1,1,'OVERDRAFT'),
(4,sysdate(),1,null,null,1,1,'PROPERTY'),
(5,sysdate(),1,null,null,1,1,'INVESTMENT'),
(6,sysdate(),1,null,null,1,1,'SUPERANNUATION'),
(7,sysdate(),1,null,null,1,1,'LOAN'),
(8,sysdate(),1,null,null,1,1,'EFFECTS'),
(9,sysdate(),1,null,null,1,1,'INSURANCE'),
(10,sysdate(),1,null,null,1,1,'ASSET'),
(11,sysdate(),1,null,null,1,1,'MORTGAGE'),
(12,sysdate(),1,null,null,1,1,'INVESTLOAN'),
(13,sysdate(),1,null,null,1,1,'TAX'),
(14,sysdate(),1,null,null,1,1,'LIABILITY');

insert into account (id,createdDate,isActive,modifiedDate,uuid,accountTypeId,accountCode,purpose,createdBy,modifiedBy,accountName,hideFromBudget,minBalance,updatedAt) values
(1,sysdate(),1,null,null,1,100,'B',3,null,'sanjay',0,null,'2017-03-28 20:28:18'),
(2,sysdate(),1,null,null,2,101,'B',3,null,'sanjay',0,null,null),
(3,sysdate(),1,null,null,3,102,'B',3,null,'sanjay',0,null,null),
(4,sysdate(),1,null,null,4,103,'B',3,null,'sanjay',0,null,null),
(5,sysdate(),1,null,null,5,104,'B',3,null,'sanjay',0,null,null),
(6,sysdate(),1,null,null,6,105,'B',3,null,'sanjay',0,null,null),
(7,sysdate(),1,null,null,7,106,'B',3,null,'sanjay',0,null,null),
(8,sysdate(),1,null,null,8,'106A','B',3,null,'sanjay',0,null,null),
(9,sysdate(),1,null,null,9,'106B','B',3,null,'sanjay',0,null,null),
(10,sysdate(),1,null,null,10,'106C','B',3,null,'sanjay',0,null,null),
(11,sysdate(),1,null,null,11,'106D','B',3,null,'sanjay',0,null,null),
(12,sysdate(),1,null,null,12,'106E','B',3,null,'sanjay',0,null,null),
(13,sysdate(),1,null,null,13,'106F','B',3,null,'sanjay',0,null,null),
(14,sysdate(),1,null,null,14,'106G','B',3,null,'sanjay',0,null,null),
(15,sysdate(),1,null,null,1,107,'P',3,null,'sanjay',0,null,'2017-03-22 20:28:18'),
(16,sysdate(),1,null,null,2,108,'P',3,null,'sanjay',0,null,null),
(17,sysdate(),1,null,null,3,109,'P',3,null,'sanjay',0,null,null),
(18,sysdate(),1,null,null,4,110,'P',3,null,'sanjay',0,null,null),
(19,sysdate(),1,null,null,5,111,'P',3,null,'sanjay',0,null,null),
(20,sysdate(),1,null,null,6,112,'P',3,null,'sanjay',0,null,null),
(21,sysdate(),1,null,null,7,113,'P',3,null,'sanjay',0,null,null),
(22,sysdate(),1,null,null,8,114,'P',3,null,'sanjay',0,null,null),
(23,sysdate(),1,null,null,9,115,'P',3,null,'sanjay',0,null,null),
(24,sysdate(),1,null,null,10,116,'P',3,null,'sanjay',0,null,null),
(25,sysdate(),1,null,null,11,117,'P',3,null,'sanjay',0,null,null),
(26,sysdate(),1,null,null,12,118,'P',3,null,'sanjay',0,null,null),
(27,sysdate(),1,null,null,13,119,'P',3,null,'sanjay',0,null,null),
(28,sysdate(),1,null,null,14,120,'P',3,null,'sanjay',0,null,null),
(29,sysdate(),0,null,null,1,200,'B',4,null,'ritesh',0,null,'2017-03-26 20:28:18'),
(30,sysdate(),0,null,null,2,201,'B',4,null,'ritesh',0,null,null),
(31,sysdate(),0,null,null,3,202,'B',4,null,'ritesh',0,null,null),
(32,sysdate(),0,null,null,4,203,'B',4,null,'ritesh',0,null,null),
(33,sysdate(),0,null,null,5,204,'B',4,null,'ritesh',0,null,null),
(34,sysdate(),0,null,null,6,205,'B',4,null,'ritesh',0,null,null),
(35,sysdate(),0,null,null,7,206,'B',4,null,'ritesh',0,null,null),
(36,sysdate(),0,null,null,8,'206A','B',4,null,'ritesh',0,null,null),
(37,sysdate(),0,null,null,9,'206B','B',4,null,'ritesh',0,null,null),
(38,sysdate(),0,null,null,10,'206C','B',4,null,'ritesh',0,null,null),
(39,sysdate(),0,null,null,11,'206D','B',4,null,'ritesh',0,null,null),
(40,sysdate(),0,null,null,12,'206E','B',4,null,'ritesh',0,null,null),
(41,sysdate(),0,null,null,13,'206F','B',4,null,'ritesh',0,null,null),
(42,sysdate(),0,null,null,14,'206G','B',4,null,'ritesh',0,null,null),
(43,sysdate(),0,null,null,1,207,'P',4,null,'ritesh',0,null,'2017-03-16 20:28:18'),
(44,sysdate(),0,null,null,2,208,'P',4,null,'ritesh',0,null,null),
(45,sysdate(),0,null,null,3,209,'P',4,null,'ritesh',0,null,null),
(46,sysdate(),0,null,null,4,210,'P',4,null,'ritesh',0,null,null),
(47,sysdate(),0,null,null,5,211,'P',4,null,'ritesh',0,null,null),
(48,sysdate(),0,null,null,6,212,'P',4,null,'ritesh',0,null,null),
(49,sysdate(),0,null,null,7,213,'P',4,null,'ritesh',0,null,null),
(50,sysdate(),0,null,null,8,214,'P',4,null,'ritesh',0,null,null),
(51,sysdate(),0,null,null,9,215,'P',4,null,'ritesh',0,null,null),
(52,sysdate(),0,null,null,10,216,'P',4,null,'ritesh',0,null,null),
(53,sysdate(),0,null,null,11,217,'P',4,null,'ritesh',0,null,null),
(54,sysdate(),0,null,null,12,218,'P',4,null,'ritesh',0,null,null),
(55,sysdate(),0,null,null,13,219,'P',4,null,'ritesh',0,null,null),
(56,sysdate(),0,null,null,14,220,'P',4,null,'ritesh',0,null,null),
(57,sysdate(),0,null,null,1,300,'B',5,null,'nitin',0,null,'2017-03-26 20:28:18'),
(58,sysdate(),0,null,null,2,301,'B',5,null,'nitin',0,null,null),
(59,sysdate(),0,null,null,3,302,'B',5,null,'nitin',0,null,null),
(60,sysdate(),0,null,null,4,303,'B',5,null,'nitin',0,null,null),
(61,sysdate(),0,null,null,5,304,'B',5,null,'nitin',0,null,null),
(62,sysdate(),0,null,null,6,305,'B',5,null,'nitin',0,null,null),
(63,sysdate(),0,null,null,7,306,'B',5,null,'nitin',0,null,null),
(64,sysdate(),0,null,null,8,'306A','B',5,null,'nitin',0,null,null),
(65,sysdate(),0,null,null,9,'306B','B',5,null,'nitin',0,null,null),
(66,sysdate(),0,null,null,10,'306C','B',5,null,'nitin',0,null,null),
(67,sysdate(),0,null,null,11,'306D','B',5,null,'nitin',0,null,null),
(68,sysdate(),0,null,null,12,'306E','B',5,null,'nitin',0,null,null),
(69,sysdate(),0,null,null,13,'306F','B',5,null,'nitin',0,null,null),
(70,sysdate(),0,null,null,14,'306G','B',5,null,'nitin',0,null,null),
(71,sysdate(),0,null,null,1,307,'P',5,null,'nitin',0,null,'2017-03-20 20:28:18'),
(72,sysdate(),0,null,null,2,308,'P',5,null,'nitin',0,null,null),
(73,sysdate(),0,null,null,3,309,'P',5,null,'nitin',0,null,null),
(74,sysdate(),0,null,null,4,310,'P',5,null,'nitin',0,null,null),
(75,sysdate(),0,null,null,5,311,'P',5,null,'nitin',0,null,null),
(76,sysdate(),0,null,null,6,312,'P',5,null,'nitin',0,null,null),
(77,sysdate(),0,null,null,7,313,'P',5,null,'nitin',0,null,null),
(78,sysdate(),0,null,null,8,314,'P',5,null,'nitin',0,null,null),
(79,sysdate(),0,null,null,9,315,'P',5,null,'nitin',0,null,null),
(80,sysdate(),0,null,null,10,316,'P',5,null,'nitin',0,null,null),
(81,sysdate(),0,null,null,11,317,'P',5,null,'nitin',0,null,null),
(82,sysdate(),0,null,null,12,318,'P',5,null,'nitin',0,null,null),
(83,sysdate(),0,null,null,13,319,'P',5,null,'nitin',0,null,null),
(84,sysdate(),0,null,null,14,320,'P',5,null,'nitin',0,null,null),
(85,sysdate(),0,null,null,1,400,'B',6,null,'raju',0,null,'2017-03-25 20:28:18'),
(86,sysdate(),0,null,null,2,401,'B',6,null,'raju',0,null,null),
(87,sysdate(),0,null,null,3,402,'B',6,null,'raju',0,null,null),
(88,sysdate(),0,null,null,4,403,'B',6,null,'raju',0,null,null),
(89,sysdate(),0,null,null,5,404,'B',6,null,'raju',0,null,null),
(90,sysdate(),0,null,null,6,405,'B',6,null,'raju',0,null,null),
(91,sysdate(),0,null,null,7,406,'B',6,null,'raju',0,null,null),
(92,sysdate(),0,null,null,8,'406A','B',6,null,'raju',0,null,null),
(93,sysdate(),0,null,null,9,'406B','B',6,null,'raju',0,null,null),
(94,sysdate(),0,null,null,10,'406C','B',6,null,'raju',0,null,null),
(95,sysdate(),0,null,null,11,'406D','B',6,null,'raju',0,null,null),
(96,sysdate(),0,null,null,12,'406E','B',6,null,'raju',0,null,null),
(97,sysdate(),0,null,null,13,'406F','B',6,null,'raju',0,null,null),
(98,sysdate(),0,null,null,14,'406G','B',6,null,'raju',0,null,null),
(99,sysdate(),0,null,null,1,407,'P',6,null,'raju',0,null,'2017-03-20 20:28:18'),
(100,sysdate(),0,null,null,2,408,'P',6,null,'raju',0,null,null),
(101,sysdate(),0,null,null,3,409,'P',6,null,'raju',0,null,null),
(102,sysdate(),0,null,null,4,410,'P',6,null,'raju',0,null,null),
(103,sysdate(),0,null,null,5,411,'P',6,null,'raju',0,null,null),
(104,sysdate(),0,null,null,6,412,'P',6,null,'raju',0,null,null),
(105,sysdate(),0,null,null,7,413,'P',6,null,'raju',0,null,null),
(106,sysdate(),0,null,null,8,414,'P',6,null,'raju',0,null,null),
(107,sysdate(),0,null,null,9,415,'P',6,null,'raju',0,null,null),
(108,sysdate(),0,null,null,10,416,'P',6,null,'raju',0,null,null),
(109,sysdate(),0,null,null,11,417,'P',6,null,'raju',0,null,null),
(110,sysdate(),0,null,null,12,418,'P',6,null,'raju',0,null,null),
(111,sysdate(),0,null,null,13,419,'P',6,null,'raju',0,null,null),
(112,sysdate(),0,null,null,14,420,'P',6,null,'raju',0,null,null),
(113,sysdate(),0,null,null,1,500,'B',7,null,'karthik',0,null,'2017-03-31 20:28:18'),
(114,sysdate(),0,null,null,2,501,'B',7,null,'karthik',0,null,null),
(115,sysdate(),0,null,null,3,502,'B',7,null,'karthik',0,null,null),
(116,sysdate(),0,null,null,4,503,'B',7,null,'karthik',0,null,null),
(117,sysdate(),0,null,null,5,504,'B',7,null,'karthik',0,null,null),
(118,sysdate(),0,null,null,6,505,'B',7,null,'karthik',0,null,null),
(119,sysdate(),0,null,null,7,506,'B',7,null,'karthik',0,null,null),
(120,sysdate(),0,null,null,8,'506A','B',7,null,'karthik',0,null,null),
(121,sysdate(),0,null,null,9,'506B','B',7,null,'karthik',0,null,null),
(122,sysdate(),0,null,null,10,'506C','B',7,null,'karthik',0,null,null),
(123,sysdate(),0,null,null,11,'506D','B',7,null,'karthik',0,null,null),
(124,sysdate(),0,null,null,12,'506E','B',7,null,'karthik',0,null,null),
(125,sysdate(),0,null,null,13,'506F','B',7,null,'karthik',0,null,null),
(126,sysdate(),0,null,null,14,'506G','B',7,null,'karthik',0,null,null),
(127,sysdate(),0,null,null,1,507,'P',7,null,'karthik',0,null,'2017-03-21 20:28:18'),
(128,sysdate(),0,null,null,2,508,'P',7,null,'karthik',0,null,null),
(129,sysdate(),0,null,null,3,509,'P',7,null,'karthik',0,null,null),
(130,sysdate(),0,null,null,4,510,'P',7,null,'karthik',0,null,null),
(131,sysdate(),0,null,null,5,511,'P',7,null,'karthik',0,null,null),
(132,sysdate(),0,null,null,6,512,'P',7,null,'karthik',0,null,null),
(133,sysdate(),0,null,null,7,513,'P',7,null,'karthik',0,null,null),
(134,sysdate(),0,null,null,8,514,'P',7,null,'karthik',0,null,null),
(135,sysdate(),0,null,null,9,515,'P',7,null,'karthik',0,null,null),
(136,sysdate(),0,null,null,10,516,'P',7,null,'karthik',0,null,null),
(137,sysdate(),0,null,null,11,517,'P',7,null,'karthik',0,null,null),
(138,sysdate(),0,null,null,12,518,'P',7,null,'karthik',0,null,null),
(139,sysdate(),0,null,null,13,519,'P',7,null,'karthik',0,null,null),
(140,sysdate(),0,null,null,14,520,'P',7,null,'karthik',0,null,null),
(141,sysdate(),0,null,null,1,600,'B',8,null,'somesh',0,null,'2017-03-28 20:28:18'),
(142,sysdate(),0,null,null,2,601,'B',8,null,'somesh',0,null,null),
(143,sysdate(),0,null,null,3,602,'B',8,null,'somesh',0,null,null),
(144,sysdate(),0,null,null,4,603,'B',8,null,'somesh',0,null,null),
(145,sysdate(),0,null,null,5,604,'B',8,null,'somesh',0,null,null),
(146,sysdate(),0,null,null,6,605,'B',8,null,'somesh',0,null,null),
(147,sysdate(),0,null,null,7,606,'B',8,null,'somesh',0,null,null),
(148,sysdate(),0,null,null,8,'606A','B',8,null,'somesh',0,null,null),
(149,sysdate(),0,null,null,9,'606B','B',8,null,'somesh',0,null,null),
(150,sysdate(),0,null,null,10,'606C','B',8,null,'somesh',0,null,null),
(151,sysdate(),0,null,null,11,'606D','B',8,null,'somesh',0,null,null),
(152,sysdate(),0,null,null,12,'606E','B',8,null,'somesh',0,null,null),
(153,sysdate(),0,null,null,13,'606F','B',8,null,'somesh',0,null,null),
(154,sysdate(),0,null,null,14,'606G','B',8,null,'somesh',0,null,null),
(155,sysdate(),0,null,null,1,607,'P',8,null,'somesh',0,null,'2017-03-16 20:28:18'),
(156,sysdate(),0,null,null,2,608,'P',8,null,'somesh',0,null,null),
(157,sysdate(),0,null,null,3,609,'P',8,null,'somesh',0,null,null),
(158,sysdate(),0,null,null,4,610,'P',8,null,'somesh',0,null,null),
(159,sysdate(),0,null,null,5,611,'P',8,null,'somesh',0,null,null),
(160,sysdate(),0,null,null,6,612,'P',8,null,'somesh',0,null,null),
(161,sysdate(),0,null,null,7,613,'P',8,null,'somesh',0,null,null),
(162,sysdate(),0,null,null,8,614,'P',8,null,'somesh',0,null,null),
(163,sysdate(),0,null,null,9,615,'P',8,null,'somesh',0,null,null),
(164,sysdate(),0,null,null,10,616,'P',8,null,'somesh',0,null,null),
(165,sysdate(),0,null,null,11,617,'P',8,null,'somesh',0,null,null),
(166,sysdate(),0,null,null,12,618,'P',8,null,'somesh',0,null,null),
(167,sysdate(),0,null,null,13,619,'P',8,null,'somesh',0,null,null),
(168,sysdate(),0,null,null,14,620,'P',8,null,'somesh',0,null,null),
(169,sysdate(),0,null,null,1,700,'B',9,null,'rita',0,null,'2017-03-25 20:28:18'),
(170,sysdate(),0,null,null,2,701,'B',9,null,'rita',0,null,null),
(171,sysdate(),0,null,null,3,702,'B',9,null,'rita',0,null,null),
(172,sysdate(),0,null,null,4,703,'B',9,null,'rita',0,null,null),
(173,sysdate(),0,null,null,5,704,'B',9,null,'rita',0,null,null),
(174,sysdate(),0,null,null,6,705,'B',9,null,'rita',0,null,null),
(175,sysdate(),0,null,null,7,706,'B',9,null,'rita',0,null,null),
(176,sysdate(),0,null,null,8,'706A','B',9,null,'rita',0,null,null),
(177,sysdate(),0,null,null,9,'706B','B',9,null,'rita',0,null,null),
(178,sysdate(),0,null,null,10,'706C','B',9,null,'rita',0,null,null),
(179,sysdate(),0,null,null,11,'706D','B',9,null,'rita',0,null,null),
(180,sysdate(),0,null,null,12,'706E','B',9,null,'rita',0,null,null),
(181,sysdate(),0,null,null,13,'706F','B',9,null,'rita',0,null,null),
(182,sysdate(),0,null,null,14,'706G','B',9,null,'rita',0,null,null),
(183,sysdate(),0,null,null,1,707,'P',9,null,'rita',0,null,'2017-03-22 20:28:18'),
(184,sysdate(),0,null,null,2,708,'P',9,null,'rita',0,null,null),
(185,sysdate(),0,null,null,3,709,'P',9,null,'rita',0,null,null),
(186,sysdate(),0,null,null,4,710,'P',9,null,'rita',0,null,null),
(187,sysdate(),0,null,null,5,711,'P',9,null,'rita',0,null,null),
(188,sysdate(),0,null,null,6,712,'P',9,null,'rita',0,null,null),
(189,sysdate(),0,null,null,7,713,'P',9,null,'rita',0,null,null),
(190,sysdate(),0,null,null,8,714,'P',9,null,'rita',0,null,null),
(191,sysdate(),0,null,null,9,715,'P',9,null,'rita',0,null,null),
(192,sysdate(),0,null,null,10,716,'P',9,null,'rita',0,null,null),
(193,sysdate(),0,null,null,11,717,'P',9,null,'rita',0,null,null),
(194,sysdate(),0,null,null,12,718,'P',9,null,'rita',0,null,null),
(195,sysdate(),0,null,null,13,719,'P',9,null,'rita',0,null,null),
(196,sysdate(),0,null,null,14,720,'P',9,null,'rita',0,null,null),
(197,sysdate(),0,null,null,1,800,'B',10,null,'jiya',0,null,'2017-03-30 20:28:18'),
(198,sysdate(),0,null,null,2,801,'B',10,null,'jiya',0,null,null),
(199,sysdate(),0,null,null,3,802,'B',10,null,'jiya',0,null,null),
(200,sysdate(),0,null,null,4,803,'B',10,null,'jiya',0,null,null),
(201,sysdate(),0,null,null,5,804,'B',10,null,'jiya',0,null,null),
(202,sysdate(),0,null,null,6,805,'B',10,null,'jiya',0,null,null),
(203,sysdate(),0,null,null,7,806,'B',10,null,'jiya',0,null,null),
(204,sysdate(),0,null,null,8,'806A','B',10,null,'jiya',0,null,null),
(205,sysdate(),0,null,null,9,'806B','B',10,null,'jiya',0,null,null),
(206,sysdate(),0,null,null,10,'806C','B',10,null,'jiya',0,null,null),
(207,sysdate(),0,null,null,11,'806D','B',10,null,'jiya',0,null,null),
(208,sysdate(),0,null,null,12,'806E','B',10,null,'jiya',0,null,null),
(209,sysdate(),0,null,null,13,'806F','B',10,null,'jiya',0,null,null),
(210,sysdate(),0,null,null,14,'806G','B',10,null,'jiya',0,null,null),
(211,sysdate(),0,null,null,1,807,'P',10,null,'jiya',0,null,'2017-03-20 20:28:18'),
(212,sysdate(),0,null,null,2,808,'P',10,null,'jiya',0,null,null),
(213,sysdate(),0,null,null,3,809,'P',10,null,'jiya',0,null,null),
(214,sysdate(),0,null,null,4,810,'P',10,null,'jiya',0,null,null),
(215,sysdate(),0,null,null,5,811,'P',10,null,'jiya',0,null,null),
(216,sysdate(),0,null,null,6,812,'P',10,null,'jiya',0,null,null),
(217,sysdate(),0,null,null,7,813,'P',10,null,'jiya',0,null,null),
(218,sysdate(),0,null,null,8,814,'P',10,null,'jiya',0,null,null),
(219,sysdate(),0,null,null,9,815,'P',10,null,'jiya',0,null,null),
(220,sysdate(),0,null,null,10,816,'P',10,null,'jiya',0,null,null),
(221,sysdate(),0,null,null,11,817,'P',10,null,'jiya',0,null,null),
(222,sysdate(),0,null,null,12,818,'P',10,null,'jiya',0,null,null),
(223,sysdate(),0,null,null,13,819,'P',10,null,'jiya',0,null,null),
(224,sysdate(),0,null,null,14,820,'P',10,null,'jiya',0,null,null),
(225,sysdate(),0,null,null,1,900,'B',11,null,'priya',0,null,null),
(226,sysdate(),0,null,null,2,901,'B',11,null,'priya',0,null,null),
(227,sysdate(),0,null,null,3,902,'B',11,null,'priya',0,null,null),
(228,sysdate(),0,null,null,4,903,'B',11,null,'priya',0,null,null),
(229,sysdate(),0,null,null,5,904,'B',11,null,'priya',0,null,null),
(230,sysdate(),0,null,null,6,905,'B',11,null,'priya',0,null,null),
(231,sysdate(),0,null,null,7,906,'B',11,null,'priya',0,null,null),
(232,sysdate(),0,null,null,8,'906A','B',11,null,'priya',0,null,null),
(233,sysdate(),0,null,null,9,'906B','B',11,null,'priya',0,null,null),
(234,sysdate(),0,null,null,10,'906C','B',11,null,'priya',0,null,null),
(235,sysdate(),0,null,null,11,'906D','B',11,null,'priya',0,null,null),
(236,sysdate(),0,null,null,12,'906E','B',11,null,'priya',0,null,null),
(237,sysdate(),0,null,null,13,'906F','B',11,null,'priya',0,null,null),
(238,sysdate(),0,null,null,14,'906G','B',11,null,'priya',0,null,null),
(239,sysdate(),0,null,null,1,907,'P',11,null,'priya',0,null,null),
(240,sysdate(),0,null,null,2,908,'P',11,null,'priya',0,null,null),
(241,sysdate(),0,null,null,3,909,'P',11,null,'priya',0,null,null),
(242,sysdate(),0,null,null,4,910,'P',11,null,'priya',0,null,null),
(243,sysdate(),0,null,null,5,911,'P',11,null,'priya',0,null,null),
(244,sysdate(),0,null,null,6,912,'P',11,null,'priya',0,null,null),
(245,sysdate(),0,null,null,7,913,'P',11,null,'priya',0,null,null),
(246,sysdate(),0,null,null,8,914,'P',11,null,'priya',0,null,null),
(247,sysdate(),0,null,null,9,915,'P',11,null,'priya',0,null,null),
(248,sysdate(),0,null,null,10,916,'P',11,null,'priya',0,null,null),
(249,sysdate(),0,null,null,11,917,'P',11,null,'priya',0,null,null),
(250,sysdate(),0,null,null,12,918,'P',11,null,'priya',0,null,null),
(251,sysdate(),0,null,null,13,919,'P',11,null,'priya',0,null,null),
(252,sysdate(),0,null,null,14,920,'P',11,null,'priya',0,null,null),
(253,sysdate(),0,null,null,1,1000,'B',12,null,'naina',0,null,null),
(254,sysdate(),0,null,null,2,1001,'B',12,null,'naina',0,null,null),
(255,sysdate(),0,null,null,3,1002,'B',12,null,'naina',0,null,null),
(256,sysdate(),0,null,null,4,1003,'B',12,null,'naina',0,null,null),
(257,sysdate(),0,null,null,5,1004,'B',12,null,'naina',0,null,null),
(258,sysdate(),0,null,null,6,1005,'B',12,null,'naina',0,null,null),
(259,sysdate(),0,null,null,7,1006,'B',12,null,'naina',0,null,null),
(260,sysdate(),0,null,null,8,'1006A','B',12,null,'naina',0,null,null),
(261,sysdate(),0,null,null,9,'1006B','B',12,null,'naina',0,null,null),
(262,sysdate(),0,null,null,10,'1006C','B',12,null,'naina',0,null,null),
(263,sysdate(),0,null,null,11,'1006D','B',12,null,'naina',0,null,null),
(264,sysdate(),0,null,null,12,'1006E','B',12,null,'naina',0,null,null),
(265,sysdate(),0,null,null,13,'1006F','B',12,null,'naina',0,null,null),
(266,sysdate(),0,null,null,14,'1006G','B',12,null,'naina',0,null,null),
(267,sysdate(),0,null,null,1,1007,'P',12,null,'naina',0,null,null),
(268,sysdate(),0,null,null,2,1008,'P',12,null,'naina',0,null,null),
(269,sysdate(),0,null,null,3,1009,'P',12,null,'naina',0,null,null),
(270,sysdate(),0,null,null,4,1010,'P',12,null,'naina',0,null,null),
(271,sysdate(),0,null,null,5,1011,'P',12,null,'naina',0,null,null),
(272,sysdate(),0,null,null,6,1012,'P',12,null,'naina',0,null,null),
(273,sysdate(),0,null,null,7,1013,'P',12,null,'naina',0,null,null),
(274,sysdate(),0,null,null,8,1014,'P',12,null,'naina',0,null,null),
(275,sysdate(),0,null,null,9,1015,'P',12,null,'naina',0,null,null),
(276,sysdate(),0,null,null,10,1016,'P',12,null,'naina',0,null,null),
(277,sysdate(),0,null,null,11,1017,'P',12,null,'naina',0,null,null),
(278,sysdate(),0,null,null,12,1018,'P',12,null,'naina',0,null,null),
(279,sysdate(),0,null,null,13,1019,'P',12,null,'naina',0,null,null),
(280,sysdate(),0,null,null,14,1020,'P',12,null,'naina',0,null,null),
(281,sysdate(),0,null,null,1,1100,'B',13,null,'naveen',0,null,'2017-02-26 20:28:18'),
(282,sysdate(),0,null,null,2,1101,'B',13,null,'naveen',0,null,null),
(283,sysdate(),0,null,null,3,1102,'B',13,null,'naveen',0,null,null),
(284,sysdate(),0,null,null,4,1103,'B',13,null,'naveen',0,null,null),
(285,sysdate(),0,null,null,5,1104,'B',13,null,'naveen',0,null,null),
(286,sysdate(),0,null,null,6,1105,'B',13,null,'naveen',0,null,null),
(287,sysdate(),0,null,null,7,1106,'B',13,null,'naveen',0,null,null),
(288,sysdate(),0,null,null,8,'1106A','B',13,null,'naveen',0,null,null),
(289,sysdate(),0,null,null,9,'1106B','B',13,null,'naveen',0,null,null),
(290,sysdate(),0,null,null,10,'1106C','B',13,null,'naveen',0,null,null),
(291,sysdate(),0,null,null,11,'1106D','B',13,null,'naveen',0,null,null),
(292,sysdate(),0,null,null,12,'1106E','B',13,null,'naveen',0,null,null),
(293,sysdate(),0,null,null,13,'1106F','B',13,null,'naveen',0,null,null),
(294,sysdate(),0,null,null,14,'1106G','B',13,null,'naveen',0,null,null),
(295,sysdate(),0,null,null,1,1107,'P',13,null,'naveen',0,null,'2017-03-21 20:28:18'),
(296,sysdate(),0,null,null,2,1108,'P',13,null,'naveen',0,null,null),
(297,sysdate(),0,null,null,3,1109,'P',13,null,'naveen',0,null,null),
(298,sysdate(),0,null,null,4,1110,'P',13,null,'naveen',0,null,null),
(299,sysdate(),0,null,null,5,1111,'P',13,null,'naveen',0,null,null),
(300,sysdate(),0,null,null,6,1112,'P',13,null,'naveen',0,null,null),
(301,sysdate(),0,null,null,7,1113,'P',13,null,'naveen',0,null,null),
(302,sysdate(),0,null,null,8,1114,'P',13,null,'naveen',0,null,null),
(303,sysdate(),0,null,null,9,1115,'P',13,null,'naveen',0,null,null),
(304,sysdate(),0,null,null,10,1116,'P',13,null,'naveen',0,null,null),
(305,sysdate(),0,null,null,11,1117,'P',13,null,'naveen',0,null,null),
(306,sysdate(),0,null,null,12,1118,'P',13,null,'naveen',0,null,null),
(307,sysdate(),0,null,null,13,1119,'P',13,null,'naveen',0,null,null),
(308,sysdate(),0,null,null,14,1120,'P',13,null,'naveen',0,null,null);

insert into accountgroup (id,createdDate,isActive,modifiedDate,uuid,name,createdBy,modifiedBy,financialInstitutionId,instId) values
(1,sysdate(),1,null,null,'Andhra Bank',3,null,1,'s1014_1282_7143558817'),
(2,sysdate(),1,null,null,'Axis Bank',3,null,2,'s1015_1282_7143558817'),
(3,sysdate(),0,null,null,'Andhra Bank',4,null,1,'s1064_1282_7143558817'),
(4,sysdate(),0,null,null,'Axis Bank',4,null,2,'s1075_1282_7143558817'),
(5,sysdate(),0,null,null,'Andhra Bank',5,null,1,'s1087_1282_7143558817'),
(6,sysdate(),0,null,null,'Axis Bank',5,null,2,'s1098_1282_7143558817'),
(7,sysdate(),0,null,null,'Andhra Bank',6,null,1,'s1099_1282_7143558817'),
(8,sysdate(),0,null,null,'Axis Bank',6,null,2,'s10112_1282_7143558817'),
(9,sysdate(),0,null,null,'Andhra Bank',7,null,1,'s10121_1282_7143558817'),
(10,sysdate(),0,null,null,'Axis Bank',7,null,2,'s10144_1282_7143558817'),
(11,sysdate(),0,null,null,'Andhra Bank',8,null,1,'s10155_1282_7143558817'),
(12,sysdate(),0,null,null,'Axis Bank',8,null,2,'s10166_1282_7143558817'),
(13,sysdate(),0,null,null,'Andhra Bank',9,null,1,'s10177_1282_7143558817'),
(14,sysdate(),0,null,null,'Axis Bank',9,null,2,'s10188_1282_7143558817'),
(15,sysdate(),0,null,null,'Andhra Bank',10,null,1,'s0199_1282_7143558817'),
(16,sysdate(),0,null,null,'Axis Bank',10,null,2,'s1000_1282_7143558817'),
(17,sysdate(),0,null,null,'Andhra Bank',11,null,1,'s1345_1282_7143558817'),
(18,sysdate(),0,null,null,'Axis Bank',11,null,2,'s13451_1282_7143558817'),
(19,sysdate(),0,null,null,'Andhra Bank',12,null,1,'s45431_1282_7143558817'),
(20,sysdate(),0,null,null,'Axis Bank',12,null,2,'s1054_1282_7143558817'),
(21,sysdate(),0,null,null,'Andhra Bank',13,null,1,'s1361_1282_7143558817'),
(22,sysdate(),0,null,null,'Axis Bank',13,null,2,'s1041_1282_7143558817');

insert into accountaccountgroupmapper (id,createdDate,isActive,modifiedDate,uuid,createdBy,modifiedBy,accountId,accountGroupId) values
(1,sysdate(),1,null,null,3,null,1,1),
(2,sysdate(),1,null,null,3,null,2,1),
(3,sysdate(),1,null,null,3,null,3,1),
(4,sysdate(),1,null,null,3,null,4,1),
(5,sysdate(),1,null,null,3,null,5,1),
(6,sysdate(),1,null,null,3,null,6,1),
(7,sysdate(),1,null,null,3,null,7,1),
(8,sysdate(),1,null,null,3,null,8,1),
(9,sysdate(),1,null,null,3,null,9,1),
(10,sysdate(),1,null,null,3,null,10,1),
(11,sysdate(),1,null,null,3,null,11,1),
(12,sysdate(),1,null,null,3,null,12,1),
(13,sysdate(),1,null,null,3,null,13,1),
(14,sysdate(),1,null,null,3,null,14,1),
(15,sysdate(),1,null,null,3,null,15,2),
(16,sysdate(),1,null,null,3,null,16,2),
(17,sysdate(),1,null,null,3,null,17,2),
(18,sysdate(),1,null,null,3,null,18,2),
(19,sysdate(),1,null,null,3,null,19,2),
(20,sysdate(),1,null,null,3,null,20,2),
(21,sysdate(),1,null,null,3,null,21,2),
(22,sysdate(),1,null,null,3,null,22,2),
(23,sysdate(),1,null,null,3,null,23,2),
(24,sysdate(),1,null,null,3,null,24,2),
(25,sysdate(),1,null,null,3,null,25,2),
(26,sysdate(),1,null,null,3,null,26,2),
(27,sysdate(),1,null,null,3,null,27,2),
(28,sysdate(),1,null,null,3,null,28,2),
(29,sysdate(),0,null,null,4,null,29,3),
(30,sysdate(),0,null,null,4,null,30,3),
(31,sysdate(),0,null,null,4,null,31,3),
(32,sysdate(),0,null,null,4,null,32,3),
(33,sysdate(),0,null,null,4,null,33,3),
(34,sysdate(),0,null,null,4,null,34,3),
(35,sysdate(),0,null,null,4,null,35,3),
(36,sysdate(),0,null,null,4,null,36,3),
(37,sysdate(),0,null,null,4,null,37,3),
(38,sysdate(),0,null,null,4,null,38,3),
(39,sysdate(),0,null,null,4,null,39,3),
(40,sysdate(),0,null,null,4,null,40,3),
(41,sysdate(),0,null,null,4,null,41,3),
(42,sysdate(),0,null,null,4,null,42,3),
(43,sysdate(),0,null,null,4,null,43,4),
(44,sysdate(),0,null,null,4,null,44,4),
(45,sysdate(),0,null,null,4,null,45,4),
(46,sysdate(),0,null,null,4,null,46,4),
(47,sysdate(),0,null,null,4,null,47,4),
(48,sysdate(),0,null,null,4,null,48,4),
(49,sysdate(),0,null,null,4,null,49,4),
(50,sysdate(),0,null,null,4,null,50,4),
(51,sysdate(),0,null,null,4,null,51,4),
(52,sysdate(),0,null,null,4,null,52,4),
(53,sysdate(),0,null,null,4,null,53,4),
(54,sysdate(),0,null,null,4,null,54,4),
(55,sysdate(),0,null,null,4,null,55,4),
(56,sysdate(),0,null,null,4,null,56,4),
(57,sysdate(),0,null,null,5,null,57,5),
(58,sysdate(),0,null,null,5,null,58,5),
(59,sysdate(),0,null,null,5,null,59,5),
(60,sysdate(),0,null,null,5,null,60,5),
(61,sysdate(),0,null,null,5,null,61,5),
(62,sysdate(),0,null,null,5,null,62,5),
(63,sysdate(),0,null,null,5,null,63,5),
(64,sysdate(),0,null,null,5,null,64,5),
(65,sysdate(),0,null,null,5,null,65,5),
(66,sysdate(),0,null,null,5,null,66,5),
(67,sysdate(),0,null,null,5,null,67,5),
(68,sysdate(),0,null,null,5,null,68,5),
(69,sysdate(),0,null,null,5,null,69,5),
(70,sysdate(),0,null,null,5,null,70,5),
(71,sysdate(),0,null,null,5,null,71,6),
(72,sysdate(),0,null,null,5,null,72,6),
(73,sysdate(),0,null,null,5,null,73,6),
(74,sysdate(),0,null,null,5,null,74,6),
(75,sysdate(),0,null,null,5,null,75,6),
(76,sysdate(),0,null,null,5,null,76,6),
(77,sysdate(),0,null,null,5,null,77,6),
(78,sysdate(),0,null,null,5,null,78,6),
(79,sysdate(),0,null,null,5,null,79,6),
(80,sysdate(),0,null,null,5,null,80,6),
(81,sysdate(),0,null,null,5,null,81,6),
(82,sysdate(),0,null,null,5,null,82,6),
(83,sysdate(),0,null,null,5,null,83,6),
(84,sysdate(),0,null,null,5,null,84,6),
(85,sysdate(),0,null,null,6,null,85,7),
(86,sysdate(),0,null,null,6,null,86,7),
(87,sysdate(),0,null,null,6,null,87,7),
(88,sysdate(),0,null,null,6,null,88,7),
(89,sysdate(),0,null,null,6,null,89,7),
(90,sysdate(),0,null,null,6,null,90,7),
(91,sysdate(),0,null,null,6,null,91,7),
(92,sysdate(),0,null,null,6,null,92,7),
(93,sysdate(),0,null,null,6,null,93,7),
(94,sysdate(),0,null,null,6,null,94,7),
(95,sysdate(),0,null,null,6,null,95,7),
(96,sysdate(),0,null,null,6,null,96,7),
(97,sysdate(),0,null,null,6,null,97,7),
(98,sysdate(),0,null,null,6,null,98,7),
(99,sysdate(),0,null,null,6,null,99,8),
(100,sysdate(),0,null,null,6,null,100,8),
(101,sysdate(),0,null,null,6,null,101,8),
(102,sysdate(),0,null,null,6,null,102,8),
(103,sysdate(),0,null,null,6,null,103,8),
(104,sysdate(),0,null,null,6,null,104,8),
(105,sysdate(),0,null,null,6,null,105,8),
(106,sysdate(),0,null,null,6,null,106,8),
(107,sysdate(),0,null,null,6,null,107,8),
(108,sysdate(),0,null,null,6,null,108,8),
(109,sysdate(),0,null,null,6,null,109,8),
(110,sysdate(),0,null,null,6,null,110,8),
(111,sysdate(),0,null,null,6,null,111,8),
(112,sysdate(),0,null,null,6,null,112,8),
(113,sysdate(),0,null,null,7,null,113,9),
(114,sysdate(),0,null,null,7,null,114,9),
(115,sysdate(),0,null,null,7,null,115,9),
(116,sysdate(),0,null,null,7,null,116,9),
(117,sysdate(),0,null,null,7,null,117,9),
(118,sysdate(),0,null,null,7,null,118,9),
(119,sysdate(),0,null,null,7,null,119,9),
(120,sysdate(),0,null,null,7,null,120,9),
(121,sysdate(),0,null,null,7,null,121,9),
(122,sysdate(),0,null,null,7,null,122,9),
(123,sysdate(),0,null,null,7,null,123,9),
(124,sysdate(),0,null,null,7,null,124,9),
(125,sysdate(),0,null,null,7,null,125,9),
(126,sysdate(),0,null,null,7,null,126,9),
(127,sysdate(),0,null,null,7,null,127,10),
(128,sysdate(),0,null,null,7,null,128,10),
(129,sysdate(),0,null,null,7,null,129,10),
(130,sysdate(),0,null,null,7,null,130,10),
(131,sysdate(),0,null,null,7,null,131,10),
(132,sysdate(),0,null,null,7,null,132,10),
(133,sysdate(),0,null,null,7,null,133,10),
(134,sysdate(),0,null,null,7,null,134,10),
(135,sysdate(),0,null,null,7,null,135,10),
(136,sysdate(),0,null,null,7,null,136,10),
(137,sysdate(),0,null,null,7,null,137,10),
(138,sysdate(),0,null,null,7,null,138,10),
(139,sysdate(),0,null,null,7,null,139,10),
(140,sysdate(),0,null,null,7,null,140,10),
(141,sysdate(),0,null,null,8,null,141,11),
(142,sysdate(),0,null,null,8,null,142,11),
(143,sysdate(),0,null,null,8,null,143,11),
(144,sysdate(),0,null,null,8,null,144,11),
(145,sysdate(),0,null,null,8,null,145,11),
(146,sysdate(),0,null,null,8,null,146,11),
(147,sysdate(),0,null,null,8,null,147,11),
(148,sysdate(),0,null,null,8,null,148,11),
(149,sysdate(),0,null,null,8,null,149,11),
(150,sysdate(),0,null,null,8,null,150,11),
(151,sysdate(),0,null,null,8,null,151,11),
(152,sysdate(),0,null,null,8,null,152,11),
(153,sysdate(),0,null,null,8,null,153,11),
(154,sysdate(),0,null,null,8,null,154,11),
(155,sysdate(),0,null,null,8,null,155,12),
(156,sysdate(),0,null,null,8,null,156,12),
(157,sysdate(),0,null,null,8,null,157,12),
(158,sysdate(),0,null,null,8,null,158,12),
(159,sysdate(),0,null,null,8,null,159,12),
(160,sysdate(),0,null,null,8,null,160,12),
(161,sysdate(),0,null,null,8,null,161,12),
(162,sysdate(),0,null,null,8,null,162,12),
(163,sysdate(),0,null,null,8,null,163,12),
(164,sysdate(),0,null,null,8,null,164,12),
(165,sysdate(),0,null,null,8,null,165,12),
(166,sysdate(),0,null,null,8,null,166,12),
(167,sysdate(),0,null,null,8,null,167,12),
(168,sysdate(),0,null,null,8,null,168,12),
(169,sysdate(),0,null,null,9,null,169,13),
(170,sysdate(),0,null,null,9,null,170,13),
(171,sysdate(),0,null,null,9,null,171,13),
(172,sysdate(),0,null,null,9,null,172,13),
(173,sysdate(),0,null,null,9,null,173,13),
(174,sysdate(),0,null,null,9,null,174,13),
(175,sysdate(),0,null,null,9,null,175,13),
(176,sysdate(),0,null,null,9,null,176,13),
(177,sysdate(),0,null,null,9,null,177,13),
(178,sysdate(),0,null,null,9,null,178,13),
(179,sysdate(),0,null,null,9,null,179,13),
(180,sysdate(),0,null,null,9,null,180,13),
(181,sysdate(),0,null,null,9,null,181,13),
(182,sysdate(),0,null,null,9,null,182,13),
(183,sysdate(),0,null,null,9,null,183,13),
(184,sysdate(),0,null,null,9,null,184,14),
(185,sysdate(),0,null,null,9,null,185,14),
(186,sysdate(),0,null,null,9,null,186,14),
(187,sysdate(),0,null,null,9,null,187,14),
(188,sysdate(),0,null,null,9,null,188,14),
(189,sysdate(),0,null,null,9,null,189,14),
(190,sysdate(),0,null,null,9,null,190,14),
(191,sysdate(),0,null,null,9,null,191,14),
(192,sysdate(),0,null,null,9,null,192,14),
(193,sysdate(),0,null,null,9,null,193,14),
(194,sysdate(),0,null,null,9,null,194,14),
(195,sysdate(),0,null,null,9,null,195,14),
(196,sysdate(),0,null,null,9,null,196,14),
(197,sysdate(),0,null,null,10,null,197,15),
(198,sysdate(),0,null,null,10,null,198,15),
(199,sysdate(),0,null,null,10,null,199,15),
(200,sysdate(),0,null,null,10,null,200,15),
(201,sysdate(),0,null,null,10,null,201,15),
(202,sysdate(),0,null,null,10,null,202,15),
(203,sysdate(),0,null,null,10,null,203,15),
(204,sysdate(),0,null,null,10,null,204,15),
(205,sysdate(),0,null,null,10,null,205,15),
(206,sysdate(),0,null,null,10,null,206,15),
(207,sysdate(),0,null,null,10,null,207,15),
(208,sysdate(),0,null,null,10,null,208,15),
(209,sysdate(),0,null,null,10,null,209,15),
(210,sysdate(),0,null,null,10,null,210,15),
(211,sysdate(),0,null,null,10,null,211,15),
(212,sysdate(),0,null,null,10,null,212,16),
(213,sysdate(),0,null,null,10,null,213,16),
(214,sysdate(),0,null,null,10,null,214,16),
(215,sysdate(),0,null,null,10,null,215,16),
(216,sysdate(),0,null,null,10,null,216,16),
(217,sysdate(),0,null,null,10,null,217,16),
(218,sysdate(),0,null,null,10,null,218,16),
(219,sysdate(),0,null,null,10,null,219,16),
(220,sysdate(),0,null,null,10,null,220,16),
(221,sysdate(),0,null,null,10,null,221,16),
(222,sysdate(),0,null,null,10,null,222,16),
(223,sysdate(),0,null,null,10,null,223,16),
(224,sysdate(),0,null,null,10,null,224,16),
(225,sysdate(),0,null,null,11,null,225,17),
(226,sysdate(),0,null,null,11,null,226,17),
(227,sysdate(),0,null,null,11,null,227,17),
(228,sysdate(),0,null,null,11,null,228,17),
(229,sysdate(),0,null,null,11,null,229,17),
(230,sysdate(),0,null,null,11,null,230,17),
(231,sysdate(),0,null,null,11,null,231,17),
(232,sysdate(),0,null,null,11,null,232,17),
(233,sysdate(),0,null,null,11,null,233,17),
(234,sysdate(),0,null,null,11,null,234,17),
(235,sysdate(),0,null,null,11,null,235,17),
(236,sysdate(),0,null,null,11,null,236,17),
(237,sysdate(),0,null,null,11,null,237,17),
(238,sysdate(),0,null,null,11,null,238,17),
(239,sysdate(),0,null,null,11,null,239,17),
(240,sysdate(),0,null,null,11,null,240,18),
(241,sysdate(),0,null,null,11,null,241,18),
(242,sysdate(),0,null,null,11,null,242,18),
(243,sysdate(),0,null,null,11,null,243,18),
(244,sysdate(),0,null,null,11,null,244,18),
(245,sysdate(),0,null,null,11,null,245,18),
(246,sysdate(),0,null,null,11,null,246,18),
(247,sysdate(),0,null,null,11,null,247,18),
(248,sysdate(),0,null,null,11,null,248,18),
(249,sysdate(),0,null,null,11,null,249,18),
(250,sysdate(),0,null,null,11,null,250,18),
(251,sysdate(),0,null,null,11,null,251,18),
(252,sysdate(),0,null,null,11,null,252,18),
(253,sysdate(),0,null,null,12,null,253,19),
(254,sysdate(),0,null,null,12,null,254,19),
(255,sysdate(),0,null,null,12,null,255,19),
(256,sysdate(),0,null,null,12,null,256,19),
(257,sysdate(),0,null,null,12,null,257,19),
(258,sysdate(),0,null,null,12,null,258,19),
(259,sysdate(),0,null,null,12,null,259,19),
(260,sysdate(),0,null,null,12,null,260,19),
(261,sysdate(),0,null,null,12,null,261,19),
(262,sysdate(),0,null,null,12,null,262,19),
(263,sysdate(),0,null,null,12,null,263,19),
(264,sysdate(),0,null,null,12,null,264,19),
(265,sysdate(),0,null,null,12,null,265,19),
(266,sysdate(),0,null,null,12,null,266,19),
(267,sysdate(),0,null,null,12,null,267,19),
(268,sysdate(),0,null,null,12,null,268,20),
(269,sysdate(),0,null,null,12,null,269,20),
(270,sysdate(),0,null,null,12,null,270,20),
(271,sysdate(),0,null,null,12,null,271,20),
(272,sysdate(),0,null,null,12,null,272,20),
(273,sysdate(),0,null,null,12,null,273,20),
(274,sysdate(),0,null,null,12,null,274,20),
(275,sysdate(),0,null,null,12,null,275,20),
(276,sysdate(),0,null,null,12,null,276,20),
(277,sysdate(),0,null,null,12,null,277,20),
(278,sysdate(),0,null,null,12,null,278,20),
(279,sysdate(),0,null,null,12,null,279,20),
(280,sysdate(),0,null,null,12,null,280,20),
(281,sysdate(),0,null,null,13,null,281,21),
(282,sysdate(),0,null,null,13,null,282,21),
(283,sysdate(),0,null,null,13,null,283,21),
(284,sysdate(),0,null,null,13,null,284,21),
(285,sysdate(),0,null,null,13,null,285,21),
(286,sysdate(),0,null,null,13,null,286,21),
(287,sysdate(),0,null,null,13,null,287,21),
(288,sysdate(),0,null,null,13,null,288,21),
(289,sysdate(),0,null,null,13,null,289,21),
(290,sysdate(),0,null,null,13,null,290,21),
(291,sysdate(),0,null,null,13,null,291,21),
(292,sysdate(),0,null,null,13,null,292,21),
(293,sysdate(),0,null,null,13,null,293,21),
(294,sysdate(),0,null,null,13,null,294,21),
(295,sysdate(),0,null,null,13,null,295,21),
(296,sysdate(),0,null,null,13,null,296,22),
(297,sysdate(),0,null,null,13,null,297,22),
(298,sysdate(),0,null,null,13,null,298,22),
(299,sysdate(),0,null,null,13,null,299,22),
(300,sysdate(),0,null,null,13,null,300,22),
(301,sysdate(),0,null,null,13,null,301,22),
(302,sysdate(),0,null,null,13,null,302,22),
(303,sysdate(),0,null,null,13,null,303,22),
(304,sysdate(),0,null,null,13,null,304,22),
(305,sysdate(),0,null,null,13,null,305,22),
(306,sysdate(),0,null,null,13,null,306,22),
(307,sysdate(),0,null,null,13,null,307,22),
(308,sysdate(),0,null,null,13,null,308,22);

insert into transaction (description,id,fingerPrint,isCategorized,currency,createdDate,isActive,modifiedDate,modifiedBy,uuid,amount,transactionDate,accountCode,createdBy) values
('AUTO & TRANSPORT',1,'BE9876543210',1,'INR','2016-10-01 02:28:18',0,null,null,null,-2000,'2016-10-01 02:28:18',1,2),
('AUTO & TRANSPORT',2,'BF9876543210',1,'INR','2016-11-11 20:28:18',0,null,null,null,-2700,'2016-11-11 20:28:18',1,2),
('AUTO PAYMENT',3,'BG9876543210',1,'INR','2016-12-11 20:28:18',0,null,null,null,-2800,'2016-12-11 20:28:18',1,2),
('PARKING',4,'BH9876543210',1,'INR','2017-01-15 20:28:18',0,null,null,null,-2500,'2017-01-15 20:28:18',1,2),
('Public Transportation ',5,'BI9876543210',1,'INR','2016-10-21 20:28:18',0,null,null,null,-2500,'2016-10-21 20:28:18',1,2),
('Bills & Utilities',6,'BJ9876543210',1,'INR','2016-11-21 20:28:18',0,null,null,null,-2250,'2016-11-21 20:28:18',1,2),
('Internet ',7,'BK9876543210',1,'INR','2016-12-28 20:28:18',0,null,null,null,-2500,'2016-12-28 20:28:18',1,2),
('Television',8,'BL9876543210',1,'INR','2017-01-20 20:28:18',0,null,null,null,-2750,'2017-01-20 20:28:18',1,2),
('Utilities',9,'BM9876543210',1,'INR','2017-01-23 20:28:18',0,null,null,null,-2500,'2017-01-23 20:28:18',1,2),
('Utilities',10,'BN9876543210',1,'INR','2016-10-09 20:28:18',0,null,null,null,-2300,'2016-10-09 20:28:18',1,2),
('Got Income',11,'BO9876543210',1,'INR','2016-12-07 20:28:18',0,null,null,null,-2700,'2016-12-07 20:28:18',1,2),
('Got Income',12,'BP9876543210',1,'INR','2016-11-16 20:28:18',0,null,null,null,-2500,'2016-11-16 20:28:18',1,2),
('Got Income',13,'BQ9876543210',1,'INR','2016-12-07 20:28:18',0,null,null,null,-16500,'2016-12-07 20:28:18',1,2),
('Got Income',14,'BR9876543210',1,'INR','2016-11-16 20:28:18',0,null,null,null,-85000,'2016-11-16 20:28:18',1,2),
('Got Income',15,'BS9876543210',1,'INR','2016-10-07 20:28:18',0,null,null,null,-10000,'2016-10-07 20:28:18',1,2),
('Got Income',16,'BT9876543210',1,'INR','2017-01-16 20:28:18',0,null,null,null,-14000,'2017-01-16 20:28:18',1,2),
('PARKING',17,'BU9876543210',1,'INR','2016-10-07 20:28:18',0,null,null,null,-13000,'2016-10-07 20:28:18',1,2),
('Bills & Utilities',18,'BV9876543210',1,'INR','2016-11-16 20:28:18',0,null,null,null,-12500,'2016-11-16 20:28:18',1,2),
('Mobile Phone',19,'BW9876543210',1,'INR','2016-12-07 20:28:18',0,null,null,null,-13000,'2016-12-07 20:28:18',1,2),
('Television ',20,'BX876543210',1,'INR','2017-01-16 20:28:18',0,null,null,null,-17000,'2017-01-16 20:28:18',1,2),
('Entertainment',21,'A9876543210',1,'INR','2016-10-01 20:28:18',1,null,null,null,200000,'2016-10-01 20:28:18',107,3),
('Tuition',22,'AA9876543210',1,'INR','2016-11-01 20:28:18',1,null,null,null,200000,'2016-11-01 20:28:18',107,3),
('Tuition',23,'AB9876543210',1,'INR','2016-12-01 20:28:18',1,null,null,null,200000,'2016-12-01 20:28:18',107,3),
('Tuition',24,'AC9876543210',1,'INR','2017-01-01 20:28:18',1,null,null,null,200000,'2017-01-01 20:28:18',107,3),
('Student Loan',25,'AD9876543210',1,'INR','2017-02-01 20:28:18',1,null,null,null,200000,'2017-02-01 20:28:18',107,3),
('Fees & Charges',26,'AE9876543210',1,'INR','2016-10-01 20:28:18',1,null,null,null,-3000,'2016-10-01 20:28:18',107,3),
('Newspapers & Magazines',27,'AF9876543210',1,'INR','2016-11-05 20:28:18',1,null,null,null,-4000,'2016-11-05 20:28:18',107,3),
('Fees and charges purpose',28,'AG9876543210',1,'INR','2016-12-05 20:28:18',1,null,null,null,-2000,'2016-12-05 20:28:18',107,3),
('Books & Supplies',29,'AH9876543210',1,'INR','2016-11-12 20:28:18',1,null,null,null,-5000,'2016-11-12 20:28:18',107,3),
('Books & Supplies',30,'AI9876543210',1,'INR','2016-10-09 20:28:18',1,null,null,null,-1000,'2016-10-09 20:28:18',107,3),
('Got Income',31,'AJ876543210',1,'INR','2016-11-10 20:28:18',1,null,null,null,-5000,'2016-11-10 20:28:18',107,3),
('Got Income',32,'AK9876543210',1,'INR','2016-12-07 20:28:18',1,null,null,null,-2500,'2016-12-07 20:28:18',107,3),
('Got Income',33,'AL9876543210',1,'INR','2017-01-07 20:28:18',1,null,null,null,-2500,'2017-01-07 20:28:18',107,3),
('Got Income',34,'AM9876543210',1,'INR','2017-01-08 20:28:18',1,null,null,null,-2500,'2017-01-08 20:28:18',107,3),
('Got Income',35,'AN9876543210',1,'INR','2016-10-18 20:28:18',1,null,null,null,-2500,'2016-10-18 20:28:18',107,3),
('Got Income',36,'AO9876543210',1,'INR','2016-11-12 20:28:18',1,null,null,null,-2500,'2016-11-12 20:28:18',107,3),
('Books & Supplies',37,'AP9876543210',1,'INR','2016-12-22 20:28:18',1,null,null,null,-2500,'2016-12-22 20:28:18',107,3),
('Entertainment',38,'AQ9876543210',1,'INR','2016-12-10 20:28:18',1,null,null,null,-2500,'2016-12-10 20:28:18',107,3),
('Trade Commissions ',39,'AR9876543210',1,'INR','2017-01-17 20:28:18',1,null,null,null,-2500,'2017-01-17 20:28:18',107,3),
('Service Fee',40,'AS9876543210',1,'INR','2016-10-20 20:28:18',1,null,null,null,-1000,'2016-10-20 20:28:18',107,3),
('Financial',41,'AT9876543210',1,'INR','2016-11-01 20:28:18',1,null,null,null,-3000,'2016-11-01 20:28:18',107,3),
('Financial',42,'AU9876543210',1,'INR','2017-01-21 20:28:18',1,null,null,null,-8000,'2017-01-21 20:28:18',100,3),
('Life Insurance',43,'AV9876543210',1,'INR','2016-12-22 20:28:18',1,null,null,null,-5000,'2016-12-22 20:28:18',100,3),
('Financial Advisor',44,'AW9876543210',1,'INR','2016-11-20 20:28:18',1,null,null,null,-1000,'2016-11-20 20:28:18',100,3),
('Fast Food',45,'AX9876543210',1,'INR','2017-01-25 20:28:18',1,null,null,null,-2000,'2017-01-25 20:28:18',100,3),
('Fast Food',46,'AY9876543210',1,'INR','2016-10-18 20:28:18',1,null,null,null,-8000,'2016-10-18 20:28:18',100,3),
('Food & Beverages',47,'AZ9876543210',1,'INR','2016-12-25 20:28:18',1,null,null,null,-4000,'2016-12-25 20:28:18',100,3),
('Alcohol & Bars',48,'BA9876543210',1,'INR','2016-12-21 20:28:18',1,null,null,null,-6000,'2016-12-21 20:28:18',100,3),
('Groceries',49,'BB9876543210',1,'INR','2017-01-28 20:28:18',1,null,null,null,-7000,'2017-01-28 20:28:18',100,3),
('Gift',50,'BC9876543210',1,'INR','2016-10-01 20:28:18',1,null,null,null,-2000,'2016-10-01 20:28:18',100,3),
('Got Income',51,'BD876543210',1,'INR','2016-11-20 20:28:18',1,null,null,null,-3000,'2016-11-20 20:28:18',100,3),
('Got Income',52,'BY9876543210',1,'INR','2016-10-01 20:28:18',0,null,null,null,200000,'2016-10-01 20:28:18',207,4),
('Got Income',53,'BZ9876543210',1,'INR','2016-11-01 20:28:18',0,null,null,null,200000,'2016-11-01 20:28:18',207,4),
('Got Income',54,'CA9876543210',1,'INR','2016-12-01 20:28:18',0,null,null,null,200000,'2016-12-01 20:28:18',207,4),
('Got Income',55,'CB9876543210',1,'INR','2017-01-01 20:28:18',0,null,null,null,200000,'2017-01-01 20:28:18',207,4),
('Got Income',56,'CC9876543210',1,'INR','2017-02-01 20:28:18',0,null,null,null,200000,'2017-02-01 20:28:18',207,4),
('Financial Advisor',57,'CD9876543210',1,'INR','2017-01-16 20:28:18',0,null,null,null,-8000,'2017-01-16 20:28:18',207,4),
('Fast Food',58,'CE9876543210',1,'INR','2016-12-15 20:28:18',0,null,null,null,-7000,'2016-12-15 20:28:18',207,4),
('Groceries',59,'CF9876543210',1,'INR','2016-11-14 20:28:18',0,null,null,null,-9000,'2016-11-14 20:28:18',207,4),
('Groceries',60,'CG9876543210',1,'INR','2016-10-23 20:28:18',0,null,null,null,-5000,'2016-10-23 20:28:18',207,4),
('Health & Fitness',61,'CH9876543210',1,'INR','2017-01-02 20:28:18',0,null,null,null,-1200,'2017-01-02 20:28:18',207,4),
('Health & Fitness ',62,'CI9876543210',1,'INR','2016-12-13 20:28:18',0,null,null,null,-9000,'2016-12-13 20:28:18',207,4),
('Dentist',63,'CJ9876543210',1,'INR','2016-11-14 20:28:18',0,null,null,null,-8000,'2016-11-14 20:28:18',207,4),
('Health Insurance',64,'CK9876543210',1,'INR','2016-10-15 20:28:18',0,null,null,null,-9000,'2016-10-15 20:28:18',207,4),
('Gym',65,'CL9876543210',1,'INR','2017-01-28 20:28:18',0,null,null,null,-9500,'2017-01-28 20:28:18',207,4),
('Gym',66,'CM9876543210',1,'INR','2017-01-30 20:28:18',0,null,null,null,-1150,'2017-01-30 20:28:18',207,4),
('Sports',67,'CN9876543210',1,'INR','2017-02-01 20:28:18',0,null,null,null,-5000,'2017-02-01 20:28:18',207,4),
('Sports',68,'CO9876543210',1,'INR','2017-02-05 20:28:18',0,null,null,null,-7000,'2017-02-05 20:28:18',200,4),
('amusement',69,'CP9876543210',1,'INR','2016-10-01 02:28:18',0,null,null,null,-4000,'2016-10-01 02:28:18',200,4),
('For parking',70,'CQ9876543210',1,'INR','2016-11-11 20:28:18',0,null,null,null,-2700,'2016-11-11 20:28:18',200,4),
('Got Income',71,'CR876543210',1,'INR','2016-12-11 20:28:18',0,null,null,null,-5800,'2016-12-11 20:28:18',200,4),
('Got Income',72,'CS9876543210',1,'INR','2017-01-15 20:28:18',0,null,null,null,-4500,'2017-01-15 20:28:18',200,4),
('Got Income',73,'CT9876543210',1,'INR','2016-10-21 20:28:18',0,null,null,null,-3500,'2016-10-21 20:28:18',200,4),
('Got Income',74,'CU9876543210',1,'INR','2016-11-21 20:28:18',0,null,null,null,-3000,'2016-11-21 20:28:18',200,4),
('Got Income',75,'CV9876543210',1,'INR','2016-12-28 20:28:18',0,null,null,null,-3500,'2016-12-28 20:28:18',200,4),
('Got Income',76,'CW9876543210',1,'INR','2017-01-20 20:28:18',0,null,null,null,-3000,'2017-01-20 20:28:18',200,4),
('Gifts & Donations',77,'CX9876543210',1,'INR','2017-01-23 20:28:18',0,null,null,null,-6500,'2017-01-23 20:28:18',200,4),
('Charity',78,'CY9876543210',1,'INR','2017-02-09 20:28:18',0,null,null,null,-6300,'2017-02-09 20:28:18',200,4),
('For personal care',79,'CZ9876543210',1,'INR','2016-12-07 20:28:18',0,null,null,null,-5700,'2016-12-07 20:28:18',200,4),
('Charity',80,'DA9876543210',1,'INR','2016-11-16 20:28:18',0,null,null,null,-4500,'2016-11-16 20:28:18',200,4),
('Home',81,'DB9876543210',1,'INR','2016-10-07 20:28:18',0,null,null,null,-3700,'2016-10-07 20:28:18',200,4),
('For Shopping',82,'DC9876543210',1,'INR','2016-01-16 20:28:18',0,null,null,null,-3300,'2016-01-16 20:28:18',200,4),
('Home Insurance',83,'DD9876543210',1,'INR','2016-10-01 20:28:18',0,null,null,null,200000,'2016-10-01 20:28:18',307,5),
('Reimbursement',84,'DE9876543210',1,'INR','2016-11-01 20:28:18',0,null,null,null,200000,'2016-11-01 20:28:18',307,5),
('Reimbursement',85,'DF9876543210',1,'INR','2016-12-01 20:28:18',0,null,null,null,200000,'2016-12-01 20:28:18',307,5),
('Dentist Purpose',86,'DG9876543210',1,'INR','2017-01-01 20:28:18',0,null,null,null,200000,'2017-01-01 20:28:18',307,5),
('Returned Purchase',87,'DH9876543210',1,'INR','2017-02-01 20:28:18',0,null,null,null,200000,'2017-02-01 20:28:18',307,5),
('Fees and charges purpose',88,'DI9876543210',1,'INR','2016-10-01 02:28:18',0,null,null,null,-3000,'2016-10-01 02:28:18',307,5),
('Allowance',89,'DJ9876543210',1,'INR','2016-11-11 20:28:18',0,null,null,null,-2700,'2016-11-11 20:28:18',307,5),
('For parking',90,'DK9876543210',1,'INR','2016-12-11 20:28:18',0,null,null,null,-4300,'2016-12-11 20:28:18',307,5),
('Got Income',91,'DL9876543210',1,'INR','2017-01-15 20:28:18',0,null,null,null,-3500,'2017-01-15 20:28:18',307,5),
('Got Income',92,'DM9876543210',1,'INR','2016-10-21 20:28:18',0,null,null,null,-3500,'2016-10-21 20:28:18',307,5),
('Got Income',93,'DN9876543210',1,'INR','2016-11-21 20:28:18',0,null,null,null,-3000,'2016-11-21 20:28:18',307,5),
('Got Income',94,'DO9876543210',1,'INR','2016-10-01 02:28:18',0,null,null,null,-8000,'2016-10-01 02:28:18',307,5),
('Got Income',95,'DP9876543210',1,'INR','2016-11-11 20:28:18',0,null,null,null,-7000,'2016-11-11 20:28:18',307,5),
('Got Income',96,'DQ9876543210',1,'INR','2016-12-11 20:28:18',0,null,null,null,-9000,'2016-12-11 20:28:18',307,5),
('Home',97,'DR9876543210',1,'INR','2017-01-15 20:28:18',0,null,null,null,-5000,'2017-01-15 20:28:18',307,5),
('Home',98,'DS9876543210',1,'INR','2016-12-11 20:28:18',0,null,null,null,-9000,'2016-12-11 20:28:18',307,5),
('Furnishings',99,'DT9876543210',1,'INR','2017-01-15 20:28:18',0,null,null,null,-9000,'2017-01-15 20:28:18',300,5),
('Bonus',100,'DU9876543210',1,'INR','2016-10-11 20:28:18',0,null,null,null,-8000,'2016-10-11 20:28:18',300,5),
('For Shopping',101,'DV9876543210',1,'INR','2016-11-15 20:28:18',0,null,null,null,-9000,'2016-11-15 20:28:18',300,5),
('For Shopping',102,'DW9876543210',1,'INR','2016-12-11 20:28:18',0,null,null,null,-1000,'2016-12-11 20:28:18',300,5),
('Toys',103,'DX9876543210',1,'INR','2017-01-15 20:28:18',0,null,null,null,-1100,'2017-01-15 20:28:18',300,5),
('For Travel',104,'DY9876543210',1,'INR','2016-10-11 20:28:18',0,null,null,null,-6000,'2016-10-11 20:28:18',300,5),
('Loan Interest',105,'DZ9876543210',1,'INR','2016-11-15 20:28:18',0,null,null,null,-7000,'2016-11-15 20:28:18',300,5),
('Loan Principal',106,'EA9876543210',1,'INR','2016-10-01 20:28:18',0,null,null,null,200000,'2016-10-01 20:28:18',407,6),
('Loans',107,'EB9876543210',1,'INR','2016-11-01 20:28:18',0,null,null,null,200000,'2016-11-01 20:28:18',407,6),
('Loans',108,'EC9876543210',1,'INR','2016-12-01 20:28:18',0,null,null,null,200000,'2016-12-01 20:28:18',407,6),
('Kids',109,'ED9876543210',1,'INR','2017-01-01 20:28:18',0,null,null,null,200000,'2017-01-01 20:28:18',407,6),
('Kids',110,'EE9876543210',1,'INR','2017-02-01 20:28:18',0,null,null,null,200000,'2017-02-01 20:28:18',407,6),
('Got Income',111,'EF9876543210',1,'INR','2016-11-01 02:28:18',0,null,null,null,-6000,'2016-11-01 02:28:18',407,6),
('Got Income',112,'EG9876543210',1,'INR','2016-12-11 20:28:18',0,null,null,null,-5000,'2016-12-11 20:28:18',407,6),
('Got Income',113,'EH9876543210',1,'INR','2016-12-11 20:28:18',0,null,null,null,-4300,'2016-12-11 20:28:18',407,6),
('Got Income',114,'EI9876543210',1,'INR','2017-01-15 20:28:18',0,null,null,null,-3500,'2017-01-15 20:28:18',407,6),
('Got Income',115,'EJ9876543210',1,'INR','2017-10-21 20:28:18',0,null,null,null,-3500,'2017-10-21 20:28:18',407,6),
('Got Income',116,'EK9876543210',1,'INR','2017-12-21 20:28:18',0,null,null,null,-3000,'2017-12-21 20:28:18',407,6),
('Loans',117,'EL9876543210',1,'INR','2016-10-01 02:28:18',0,null,null,null,-5000,'2016-10-01 02:28:18',407,6),
('For Shopping',118,'EM9876543210',1,'INR','2016-11-11 20:28:18',0,null,null,null,-4000,'2016-11-11 20:28:18',407,6),
('For Travel',119,'EN9876543210',1,'INR','2016-12-11 20:28:18',0,null,null,null,-3000,'2016-12-11 20:28:18',407,6),
('service charges',120,'EO9876543210',1,'INR','2017-01-15 20:28:18',0,null,null,null,-2000,'2017-01-15 20:28:18',407,6),
('Personal Care',121,'EP9876543210',1,'INR','2016-12-11 20:28:18',0,null,null,null,-1000,'2016-12-11 20:28:18',407,6),
('Hair',122,'EQ9876543210',1,'INR','2017-01-15 20:28:18',0,null,null,null,-5000,'2017-01-15 20:28:18',407,6),
('Hair',123,'ER9876543210',1,'INR','2016-10-11 20:28:18',0,null,null,null,-4000,'2016-10-11 20:28:18',400,6),
('Laundry',124,'ES9876543210',1,'INR','2016-11-15 20:28:18',0,null,null,null,-3000,'2016-11-15 20:28:18',400,6),
('Laundry',125,'ET9876543210',1,'INR','2016-12-11 20:28:18',0,null,null,null,-2000,'2016-12-11 20:28:18',400,6),
('Veterinary',126,'EU9876543210',1,'INR','2017-01-15 20:28:18',0,null,null,null,-1000,'2017-01-15 20:28:18',400,6),
('Pets',127,'EV9876543210',1,'INR','2016-10-11 20:28:18',0,null,null,null,-6000,'2016-10-11 20:28:18',400,6),
('Fees and charges purpose',128,'EW9876543210',1,'INR','2016-11-15 20:28:18',0,null,null,null,-7000,'2016-11-15 20:28:18',400,6),
('Pets',129,'EX9876543210',1,'INR','2016-12-11 20:28:18',0,null,null,null,-1000,'2016-12-11 20:28:18',400,6),
('For parking',130,'EY9876543210',1,'INR','2017-01-15 20:28:18',0,null,null,null,-1000,'2017-01-15 20:28:18',400,6),
('Got Income',131,'EZ9876543210',1,'INR','2016-10-11 20:28:18',0,null,null,null,-6000,'2016-10-11 20:28:18',400,6),
('Got Income',132,'FA9876543210',1,'INR','2016-11-15 20:28:18',0,null,null,null,-7000,'2016-11-15 20:28:18',400,6),
('Got Income',133,'FB9876543210',1,'INR','2016-10-01 20:28:18',0,null,null,null,200000,'2016-10-01 20:28:18',507,7),
('Got Income',134,'FC9876543210',1,'INR','2016-11-01 20:28:18',0,null,null,null,200000,'2016-11-01 20:28:18',507,7),
('Got Income',135,'FD9876543210',1,'INR','2016-12-01 20:28:18',0,null,null,null,200000,'2016-12-01 20:28:18',507,7),
('Got Income',136,'FE9876543210',1,'INR','2017-01-01 20:28:18',0,null,null,null,200000,'2017-01-01 20:28:18',507,7),
('Hair',137,'FF9876543210',1,'INR','2017-02-01 20:28:18',0,null,null,null,200000,'2017-02-01 20:28:18',507,7),
('Hair',138,'FG9876543210',1,'INR','2016-09-11 20:28:18',0,null,null,null,-3000,'2016-09-11 20:28:18',507,7),
('Laundry',139,'FH9876543210',1,'INR','2016-10-11 20:28:18',0,null,null,null,-3000,'2016-10-11 20:28:18',507,7),
('service charges',140,'FI9876543210',1,'INR','2016-10-11 20:28:18',0,null,null,null,-1000,'2016-10-11 20:28:18',507,7),
('Shopping',141,'FJ9876543210',1,'INR','2016-11-11 20:28:18',0,null,null,null,-3000,'2016-11-11 20:28:18',507,7),
('Shopping',142,'FK9876543210',1,'INR','2016-11-11 20:28:18',0,null,null,null,-3000,'2016-11-11 20:28:18',507,7),
('Books',143,'FL9876543210',1,'INR','2016-12-11 20:28:18',0,null,null,null,-3000,'2016-12-11 20:28:18',507,7),
('For Travel',144,'FM9876543210',1,'INR','2016-12-11 20:28:18',0,null,null,null,-3000,'2016-12-11 20:28:18',507,7),
('Transfer',145,'FN9876543210',1,'INR','2017-01-11 20:28:18',0,null,null,null,-1000,'2017-01-11 20:28:18',507,7),
('Credit Card Payment',146,'FO9876543210',1,'INR','2016-10-11 20:28:18',0,null,null,null,-3000,'2016-10-11 20:28:18',507,7),
('Electronics & Software ',147,'FP9876543210',1,'INR','2017-01-11 20:28:18',0,null,null,null,-3000,'2017-01-11 20:28:18',507,7),
('Credit Card Payment',148,'FQ9876543210',1,'INR','2016-11-11 20:28:18',0,null,null,null,-1000,'2016-11-11 20:28:18',507,7),
('Clothing',149,'FR9876543210',1,'INR','2016-12-11 20:28:18',0,null,null,null,-3000,'2016-12-11 20:28:18',507,7),
('For parking',150,'FS9876543210',1,'INR','2016-10-11 20:28:18',0,null,null,null,-3000,'2016-10-11 20:28:18',507,7),
('Got Income',151,'FT9876543210',1,'INR','2017-02-11 20:28:18',0,null,null,null,-3000,'2017-02-11 20:28:18',507,7),
('Got Income',152,'FU9876543210',1,'INR','2017-01-11 20:28:18',0,null,null,null,-1000,'2017-01-11 20:28:18',507,7),
('Got Income',153,'FV9876543210',1,'INR','2017-01-19 20:28:18',0,null,null,null,-3000,'2017-01-19 20:28:18',507,7),
('Got Income',154,'FW9876543210',1,'INR','2016-10-11 20:28:18',0,null,null,null,-4000,'2016-10-11 20:28:18',507,7),
('Got Income',155,'FX9876543210',1,'INR','2016-11-11 20:28:18',0,null,null,null,-4000,'2016-11-11 20:28:18',507,7),
('Got Income',156,'FY9876543210',1,'INR','2016-11-11 20:28:18',0,null,null,null,-4000,'2016-11-11 20:28:18',507,7),
('Shopping',157,'FZ9876543210',1,'INR','2016-12-11 20:28:18',0,null,null,null,-4000,'2016-12-11 20:28:18',507,7),
('Books',158,'GA9876543210',1,'INR','2016-12-11 20:28:18',0,null,null,null,-4000,'2016-12-11 20:28:18',507,7),
('Clothing',159,'GB9876543210',1,'INR','2017-01-11 20:28:18',0,null,null,null,-4000,'2017-01-11 20:28:18',500,7),
('service charges',160,'GC9876543210',1,'INR','2016-10-11 20:28:18',0,null,null,null,-4000,'2016-10-11 20:28:18',500,7),
('Check',161,'GD9876543210',1,'INR','2017-01-11 20:28:18',0,null,null,null,-4000,'2017-01-11 20:28:18',500,7),
('For Shopping',162,'GE9876543210',1,'INR','2016-11-11 20:28:18',0,null,null,null,-4000,'2016-11-11 20:28:18',500,7),
('For Bills & Utilities',163,'GF9876543210',1,'INR','2016-12-11 20:28:18',0,null,null,null,-4000,'2016-12-11 20:28:18',500,7),
('Check',164,'GG9876543210',1,'INR','2016-10-11 20:28:18',0,null,null,null,-4000,'2016-10-11 20:28:18',500,7),
('Travel',165,'GH9876543210',1,'INR','2017-02-11 20:28:18',0,null,null,null,-4000,'2017-02-11 20:28:18',500,7),
('Travel',166,'GI9876543210',1,'INR','2016-10-01 20:28:18',0,null,null,null,200000,'2016-10-01 20:28:18',607,8),
('Public Transportation',167,'GJ9876543210',1,'INR','2016-11-01 20:28:18',0,null,null,null,200000,'2016-11-01 20:28:18',607,8),
('Hotel',168,'GK9876543210',1,'INR','2016-12-01 20:28:18',0,null,null,null,200000,'2016-12-01 20:28:18',607,8),
('Hotel',169,'GL9876543210',1,'INR','2017-01-01 20:28:18',0,null,null,null,200000,'2017-01-01 20:28:18',607,8),
('Vacation',170,'GM9876543210',1,'INR','2017-02-01 20:28:18',0,null,null,null,200000,'2017-02-01 20:28:18',607,8),
('Got Income',171,'GN9876543210',1,'INR','2016-09-11 20:28:18',0,null,null,null,-4000,'2016-09-11 20:28:18',607,8),
('Got Income',172,'GO9876543210',1,'INR','2016-10-10 20:28:18',0,null,null,null,-4000,'2016-10-10 20:28:18',607,8),
('Got Income',173,'GP9876543210',1,'INR','2016-11-11 20:28:18',0,null,null,null,-5000,'2016-11-11 20:28:18',607,8),
('Got Income',174,'GQ9876543210',1,'INR','2016-12-10 20:28:18',0,null,null,null,-9000,'2016-12-10 20:28:18',607,8),
('Got Income',175,'GR9876543210',1,'INR','2016-09-11 20:28:18',0,null,null,null,-4000,'2016-09-11 20:28:18',607,8),
('Got Income',176,'GS9876543210',1,'INR','2016-10-10 20:28:18',0,null,null,null,-5000,'2016-10-10 20:28:18',607,8),
('Vacation',177,'GT9876543210',1,'INR','2016-11-11 20:28:18',0,null,null,null,-4000,'2016-11-11 20:28:18',607,8),
('Check',178,'GU9876543210',1,'INR','2016-12-10 20:28:18',0,null,null,null,-4000,'2016-12-10 20:28:18',607,8),
('For personal care',179,'GV9876543210',1,'INR','2017-01-09 20:28:18',0,null,null,null,-7000,'2017-01-09 20:28:18',607,8),
('service charges',180,'GW9876543210',1,'INR','2017-02-05 20:28:18',0,null,null,null,-4000,'2017-02-05 20:28:18',607,8),
('For Shopping',181,'GX9876543210',1,'INR','2017-02-04 20:28:18',0,null,null,null,-9000,'2017-02-04 20:28:18',607,8),
('For Shopping',182,'GY9876543210',1,'INR','2017-02-05 20:28:18',0,null,null,null,-4000,'2017-02-05 20:28:18',607,8),
('For Bills & Utilities',183,'GZ9876543210',1,'INR','2016-11-04 20:28:18',0,null,null,null,-9000,'2016-11-04 20:28:18',607,8),
('For Travel',184,'HA9876543210',1,'INR','2017-12-05 20:28:18',0,null,null,null,-4000,'2017-12-05 20:28:18',607,8),
('For Health Insurance',185,'HB9876543210',1,'INR','2016-09-11 20:28:18',0,null,null,null,-3000,'2016-09-11 20:28:18',607,8),
('Dentist Purpose',186,'HC9876543210',1,'INR','2016-10-10 20:28:18',0,null,null,null,-3000,'2016-10-10 20:28:18',607,8),
('Public Transportation',187,'HD9876543210',1,'INR','2016-11-11 20:28:18',0,null,null,null,-4000,'2016-11-11 20:28:18',607,8),
('Fees and charges purpose',188,'HE9876543210',1,'INR','2016-12-10 20:28:18',0,null,null,null,-7000,'2016-12-10 20:28:18',607,8),
('amusement',189,'HF9876543210',1,'INR','2016-09-11 20:28:18',0,null,null,null,-3000,'2016-09-11 20:28:18',607,8),
('For parking',190,'HG9876543210',1,'INR','2016-10-10 20:28:18',0,null,null,null,-3000,'2016-10-10 20:28:18',607,8),
('Got Income',191,'HH9876543210',1,'INR','2016-11-11 20:28:18',0,null,null,null,-3000,'2016-11-11 20:28:18',607,8),
('Got Income',192,'HI9876543210',1,'INR','2016-12-10 20:28:18',0,null,null,null,-3000,'2016-12-10 20:28:18',607,8),
('Got Income',193,'HJ9876543210',1,'INR','2017-01-09 20:28:18',0,null,null,null,-6000,'2017-01-09 20:28:18',607,8),
('Got Income',194,'HK9876543210',1,'INR','2017-02-05 20:28:18',0,null,null,null,-3000,'2017-02-05 20:28:18',607,8),
('Got Income',195,'HL9876543210',1,'INR','2017-02-04 20:28:18',0,null,null,null,-7000,'2017-02-04 20:28:18',600,8),
('Got Income',196,'HM9876543210',1,'INR','2017-02-05 20:28:18',0,null,null,null,-4000,'2017-02-05 20:28:18',600,8),
('For restaurants',197,'JF9876543210',1,'INR','2016-09-05 20:28:18',0,null,null,null,-1000,'2016-09-05 20:28:18',600,8),
('Advertisemnt',198,'JG9876543210',1,'INR','2016-10-05 20:28:18',0,null,null,null,-1000,'2016-10-05 20:28:18',600,8),
('For personal care',199,'JH9876543210',1,'INR','2016-11-05 20:28:18',0,null,null,null,-1000,'2016-11-05 20:28:18',600,8),
('service charges',200,'JI9876543210',1,'INR','2016-12-05 20:28:18',0,null,null,null,-1000,'2016-12-05 20:28:18',600,8),
('Sporting Goods',201,'JJ9876543210',1,'INR','2016-12-05 20:28:18',0,null,null,null,-3000,'2016-12-05 20:28:18',600,8),
('For Shopping',202,'JK9876543210',1,'INR','2017-02-05 20:28:18',0,null,null,null,-3000,'2017-02-05 20:28:18',600,8),
('For Shopping',203,'JL9876543210',1,'INR','2017-02-05 20:28:18',0,null,null,null,-4000,'2017-02-05 20:28:18',600,8),
('For Travel',204,'JM9876543210',1,'INR','2017-02-05 20:28:18',0,null,null,null,-4000,'2017-02-05 20:28:18',600,8),
('Sports',205,'JN9876543210',1,'INR','2017-02-05 20:28:18',0,null,null,null,-4000,'2017-02-05 20:28:18',600,8),
('Charity',206,'HN9876543210',1,'INR','2016-10-01 20:28:18',0,null,null,null,200000,'2016-10-01 20:28:18',707,9),
('ATM Fee',207,'HO9876543210',1,'INR','2016-11-01 20:28:18',0,null,null,null,200000,'2016-11-01 20:28:18',707,9),
('ATM Fee',208,'HP9876543210',1,'INR','2016-12-01 20:28:18',0,null,null,null,200000,'2016-12-01 20:28:18',707,9),
('amusement',209,'HQ9876543210',1,'INR','2017-01-01 20:28:18',0,null,null,null,200000,'2017-01-01 20:28:18',707,9),
('For parking',210,'HR9876543210',1,'INR','2017-02-01 20:28:18',0,null,null,null,200000,'2017-02-01 20:28:18',707,9),
('Got Income',211,'HS9876543210',1,'INR','2016-09-04 20:28:18',0,null,null,null,-5000,'2016-09-04 20:28:18',707,9),
('Got Income',212,'HT9876543210',1,'INR','2016-09-05 20:28:18',0,null,null,null,-5000,'2016-09-05 20:28:18',707,9),
('Got Income',213,'HU9876543210',1,'INR','2016-10-04 20:28:18',0,null,null,null,-5000,'2016-10-04 20:28:18',707,9),
('Got Income',214,'HV9876543210',1,'INR','2016-10-05 20:28:18',0,null,null,null,-5000,'2016-10-05 20:28:18',707,9),
('Got Income',215,'HW9876543210',1,'INR','2016-11-04 20:28:18',0,null,null,null,-5000,'2016-11-04 20:28:18',707,9),
('Got Income',216,'HX9876543210',1,'INR','2016-11-05 20:28:18',0,null,null,null,-5000,'2016-11-05 20:28:18',707,9),
('For Shopping',217,'HY9876543210',1,'INR','2016-12-04 20:28:18',0,null,null,null,-5000,'2016-12-04 20:28:18',707,9),
('Advertisemnt',218,'HZ9876543210',1,'INR','2016-12-05 20:28:18',0,null,null,null,-5000,'2016-12-05 20:28:18',707,9),
('For personal care',219,'IA9876543210',1,'INR','2016-09-04 20:28:18',0,null,null,null,-5000,'2016-09-04 20:28:18',707,9),
('service charges',220,'IB9876543210',1,'INR','2016-09-05 20:28:18',0,null,null,null,-5000,'2016-09-05 20:28:18',707,9),
('Utilities',221,'IC9876543210',1,'INR','2016-10-04 20:28:18',0,null,null,null,-5000,'2016-10-04 20:28:18',707,9),
('Television',222,'ID9876543210',1,'INR','2016-10-05 20:28:18',0,null,null,null,-5000,'2016-10-05 20:28:18',707,9),
('Mobile Phone',223,'IE9876543210',1,'INR','2016-11-04 20:28:18',0,null,null,null,-5000,'2016-11-04 20:28:18',707,9),
('Television ',224,'IF9876543210',1,'INR','2016-11-05 20:28:18',0,null,null,null,-5000,'2016-11-05 20:28:18',707,9),
('Books & Supplies',225,'IG9876543210',1,'INR','2016-12-04 20:28:18',0,null,null,null,-5000,'2016-12-04 20:28:18',700,9),
('Utilities',226,'IH9876543210',1,'INR','2016-12-05 20:28:18',0,null,null,null,-5000,'2016-12-05 20:28:18',700,9),
('Trade Commissions ',227,'IZ9876543210',1,'INR','2016-09-05 20:28:18',0,null,null,null,-1000,'2016-09-05 20:28:18',700,9),
('Service Fee',228,'JA9876543210',1,'INR','2016-09-05 20:28:18',0,null,null,null,-1000,'2016-09-05 20:28:18',700,9),
('Groceries',229,'JB9876543210',1,'INR','2016-10-05 20:28:18',0,null,null,null,-1000,'2016-10-05 20:28:18',700,9),
('Gift',230,'JC9876543210',1,'INR','2016-10-05 20:28:18',0,null,null,null,-1000,'2016-10-05 20:28:18',700,9),
('Groceries',231,'JD9876543210',1,'INR','2016-11-05 20:28:18',0,null,null,null,-1000,'2016-11-05 20:28:18',700,9),
('Groceries',232,'JE9876543210',1,'INR','2016-11-05 20:28:18',0,null,null,null,-1000,'2016-11-05 20:28:18',700,9),
('amusement',233,'II9876543210',1,'INR','2016-10-01 20:28:18',0,null,null,null,200000,'2016-10-01 20:28:18',807,10),
('For parking',234,'IJ9876543210',1,'INR','2016-11-01 20:28:18',0,null,null,null,200000,'2016-11-01 20:28:18',807,10),
('For personal care',235,'IK9876543210',1,'INR','2016-12-01 20:28:18',0,null,null,null,200000,'2016-12-01 20:28:18',807,10),
('Charity',236,'IL9876543210',1,'INR','2017-01-01 20:28:18',0,null,null,null,200000,'2017-01-01 20:28:18',807,10),
('Allowance',237,'IM9876543210',1,'INR','2017-02-01 20:28:18',0,null,null,null,200000,'2017-02-01 20:28:18',807,10),
('For parking',238,'IN9876543210',1,'INR','2016-09-04 20:28:18',0,null,null,null,-2000,'2016-09-04 20:28:18',807,10),
('Furnishings',239,'IO9876543210',1,'INR','2016-09-05 20:28:18',0,null,null,null,-2000,'2016-09-05 20:28:18',807,10),
('Bonus',240,'IP9876543210',1,'INR','2016-10-04 20:28:18',0,null,null,null,-2000,'2016-10-04 20:28:18',807,10),
('Kids',241,'IQ9876543210',1,'INR','2016-10-05 20:28:18',0,null,null,null,-2000,'2016-10-05 20:28:18',807,10),
('Kids',242,'IR9876543210',1,'INR','2016-11-04 20:28:18',0,null,null,null,-2000,'2016-11-04 20:28:18',807,10),
('For Travel',243,'IS9876543210',1,'INR','2016-11-05 20:28:18',0,null,null,null,-2000,'2016-11-05 20:28:18',807,10),
('service charges',244,'IT9876543210',1,'INR','2016-12-04 20:28:18',0,null,null,null,-2000,'2016-12-04 20:28:18',807,10),
('Pets',245,'IU9876543210',1,'INR','2016-12-05 20:28:18',0,null,null,null,-2000,'2016-12-05 20:28:18',807,10),
('For parking',246,'IV9876543210',1,'INR','2017-01-04 20:28:18',0,null,null,null,-2000,'2017-01-04 20:28:18',800,10),
('Laundry',247,'IW9876543210',1,'INR','2017-01-05 20:28:18',0,null,null,null,-2000,'2017-01-05 20:28:18',800,10),
('service charges',248,'IX9876543210',1,'INR','2017-02-04 20:28:18',0,null,null,null,-2000,'2017-02-04 20:28:18',800,10),
('Clothing',249,'IY9876543210',1,'INR','2017-02-05 20:28:18',0,null,null,null,-2000,'2017-02-05 20:28:18',800,10),
('For parking',250,'JO9876543210',1,'INR','2016-10-05 20:28:18',0,null,null,null,150000,'2016-10-05 20:28:18',1107,13),
('Clothing',251,'JP9876543210',1,'INR','2016-11-05 20:28:18',0,null,null,null,150000,'2016-11-05 20:28:18',1107,13),
('service charges',252,'JQ9876543210',1,'INR','2016-12-05 20:28:18',0,null,null,null,150000,'2016-12-05 20:28:18',1107,13),
('Hotel',253,'JR9876543210',1,'INR','2017-01-05 20:28:18',0,null,null,null,150000,'2017-01-05 20:28:18',1107,13),
('Vacation',254,'JS9876543210',1,'INR','2017-02-05 20:28:18',0,null,null,null,150000,'2017-02-05 20:28:18',1107,13),
('For personal care',255,'JT9876543210',1,'INR','2016-10-10 20:28:18',0,null,null,null,-2000,'2016-10-10 20:28:18',1107,13),
('service charges',256,'JU9876543210',1,'INR','2016-10-11 20:28:18',0,null,null,null,-2000,'2016-10-11 20:28:18',1107,13),
('amusement',257,'JV9876543210',1,'INR','2016-10-12 20:28:18',0,null,null,null,-2000,'2016-10-12 20:28:18',1107,13),
('For parking',258,'JW9876543210',1,'INR','2016-10-14 20:28:18',0,null,null,null,-2000,'2016-10-14 20:28:18',1107,13),
('For personal care',259,'JX9876543210',1,'INR','2016-11-02 20:28:18',0,null,null,null,-2000,'2016-11-02 20:28:18',1107,13),
('service charges',260,'JY9876543210',1,'INR','2016-11-05 20:28:18',0,null,null,null,-1000,'2016-11-05 20:28:18',1107,13),
('amusement',261,'JZ9876543210',1,'INR','2016-11-09 20:28:18',0,null,null,null,-3000,'2016-11-09 20:28:18',1107,13),
('For parking',262,'KA9876543210',1,'INR','2016-11-14 20:28:18',0,null,null,null,-5000,'2016-11-14 20:28:18',1107,13),
('For personal care',263,'KB9876543210',1,'INR','2016-12-02 20:28:18',0,null,null,null,-1000,'2016-12-02 20:28:18',1107,13),
('service charges',264,'KC9876543210',1,'INR','2016-12-04 20:28:18',0,null,null,null,-4000,'2016-12-04 20:28:18',1107,13),
('Clothing',265,'JM9806543210',1,'INR','2016-12-12 20:28:18',0,null,null,null,-2000,'2016-12-12 20:28:18',1107,13),
('service charges',266,'JN9086543210',1,'INR','2016-12-23 20:28:18',0,null,null,null,-15000,'2016-12-23 20:28:18',1107,13),
('Hotel',267,'JO9706543210',1,'INR','2017-01-14 20:28:18',0,null,null,null,-50000,'2017-01-14 20:28:18',1107,13),
('Vacation',268,'JP9806543210',1,'INR','2017-02-04 20:28:18',0,null,null,null,-45000,'2017-02-04 20:28:18',1,13),
('For personal care',269,'JQ9006543210',1,'INR','2017-02-06 20:28:18',0,null,null,null,-10000,'2017-02-06 20:28:18',1107,13),
('service charges',270,'JR9806543210',1,'INR','2017-02-08 20:28:18',0,null,null,null,-90000,'2017-02-08 20:28:18',1107,13),
('amusement',271,'JS9806543210',1,'INR','2017-02-09 20:28:18',0,null,null,null,-50000,'2017-02-09 20:28:18',1107,13),
('For parking',272,'JT9806543210',1,'INR','2017-02-15 20:28:18',0,null,null,null,-30000,'2017-02-15 20:28:18',1107,13),
('For personal care',273,'JU9806543210',1,'INR','2017-02-24 20:28:18',0,null,null,null,-10000,'2017-02-24 20:28:18',1107,13),
('service charges',274,'JV9806543210',1,'INR','2016-10-05 20:28:18',0,null,null,null,-5000,'2016-10-05 20:28:18',1107,13),
('amusement',275,'JW9806543210',1,'INR','2016-11-05 20:28:18',0,null,null,null,-4000,'2016-11-05 20:28:18',1100,13),
('For parking',276,'JX9806543210',1,'INR','2016-12-05 20:28:18',0,null,null,null,-3000,'2016-12-05 20:28:18',1100,13),
('For personal care',277,'JY9806543210',1,'INR','2017-01-05 20:28:18',0,null,null,null,-2000,'2017-01-05 20:28:18',1100,13),
('service charges',278,'JZ9806543210',1,'INR','2017-02-04 20:28:18',0,null,null,null,-1000,'2017-02-04 20:28:18',1100,13),
('For personal care',279,'KA9806543210',1,'INR','2017-02-05 20:28:18',0,null,null,null,-9000,'2017-02-05 20:28:18',1100,13),
('Got Income',280,'KB9876543210',1,'INR','2017-03-04 20:28:18',1,null,null,null,250000,'2017-03-04 20:28:18',107,3),
('Fees & Charges',281,'KC9876543210',1,'INR','2017-03-11 20:28:18',1,null,null,null,-3000,'2017-03-11 20:28:18',107,3),
('Newspapers & Magazines',282,'KD9876543210',1,'INR','2017-03-15 20:28:18',1,null,null,null,-4000,'2017-03-15 20:28:18',107,3),
('Books & Supplies',283,'KE9876543210',1,'INR','2017-03-16 20:28:18',1,null,null,null,-5000,'2017-03-16 20:28:18',107,3),
('Got Income',284,'KF876543210',1,'INR','2017-03-10 20:28:18',1,null,null,null,-5000,'2017-03-10 20:28:18',107,3),
('Got Income',285,'KG9876543210',1,'INR','2017-03-07 20:28:18',1,null,null,null,-2500,'2017-03-07 20:28:18',107,3),
('Books & Supplies',286,'KH9876543210',1,'INR','2017-03-22 20:28:18',1,null,null,null,-2500,'2017-03-22 20:28:18',107,3),
('Trade Commissions ',287,'KI9876543210',1,'INR','2017-03-17 20:28:18',1,null,null,null,-2500,'2017-03-17 20:28:18',107,3),
('Financial',288,'KJ9876543210',1,'INR','2017-03-21 20:28:18',1,null,null,null,-8000,'2017-03-21 20:28:18',100,3),
('Fast Food',289,'KK9876543210',1,'INR','2017-03-25 20:28:18',1,null,null,null,-2000,'2017-03-25 20:28:18',100,3),
('Food & Beverages',290,'KL9876543210',1,'INR','2017-03-05 20:28:18',1,null,null,null,-4000,'2017-03-05 20:28:18',100,3),
('Groceries',291,'KM9876543210',1,'INR','2017-03-28 20:28:18',1,null,null,null,-7000,'2017-03-28 20:28:18',100,3),
('Gift',292,'KN9876543210',1,'INR','2017-03-21 20:28:18',1,null,null,null,-2000,'2017-03-21 20:28:18',100,3),
('Got Income',293,'KO9876543210',1,'INR','2017-03-01 20:28:18',1,null,null,null,300000,'2017-03-01 20:28:18',100,3),
('Fast Food',294,'KP9876543210',1,'INR','2017-03-03 20:28:18',0,null,null,null,-6000,'2017-03-03 20:28:18',207,4),
('Groceries',295,'KQ9876543210',1,'INR','2017-03-08 20:28:18',0,null,null,null,-5000,'2017-03-08  20:28:18',207,4),
('Health & Fitness ',296,'KR9876543210',1,'INR','2017-03-11 20:28:18',0,null,null,null,-4000,'2017-03-11 20:28:18',207,4),
('Health Insurance',297,'KS9876543210',1,'INR','2017-03-15 20:28:18',0,null,null,null,-5000,'2017-03-15 20:28:18',207,4),
('Gym',298,'KT9876543210',1,'INR','2017-03-16 20:28:18',0,null,null,null,-1150,'2017-03-16 20:28:18',207,4),
('Sports',299,'KU9876543210',1,'INR','2017-03-20 20:28:18',0,null,null,null,-7000,'2017-03-20 20:28:18',200,4),
('For parking',300,'KV9876543210',1,'INR','2017-03-22 20:28:18',0,null,null,null,-2700,'2017-03-22 20:28:18',200,4),
('Got Income',301,'KW876543210',1,'INR','2017-03-24 20:28:18',0,null,null,null,-5800,'2017-03-24 20:28:18',200,4),
('Got Income',302,'KX9876543210',1,'INR','2017-03-25 20:28:18',0,null,null,null,-4500,'2017-03-25 20:28:18',200,4),
('Got Income',303,'KY9876543210',1,'INR','2017-03-26 20:28:18',0,null,null,null,-3500,'2017-03-26 20:28:18',200,4),
('Charity',304,'LA9876543210',1,'INR','2017-03-09 20:28:18',0,null,null,null,-6300,'2017-03-09 20:28:18',200,4),
('Charity',305,'LB9876543210',1,'INR','2017-03-16 20:28:18',0,null,null,null,-4500,'2017-03-16 20:28:18',200,4),
('For Shopping',306,'LC9876543210',1,'INR','2017-03-19 20:28:18',0,null,null,null,-3300,'2017-03-19 20:28:18',200,4),
('Got Income',307,'LD9876543210',1,'INR','2017-03-01 20:28:18',0,null,null,null,200000,'2017-03-01 20:28:18',207,4),
('Got Income',308,'LE9876543210',1,'INR','2017-03-01 20:28:18',0,null,null,null,200000,'2017-03-01 20:28:18',200,4),
('Home Insurance',309,'LF9876543210',1,'INR','2017-03-03 20:28:18',0,null,null,null,200000,'2017-03-03 20:28:18',307,5),
('Allowance',310,'LG9876543210',1,'INR','2017-03-08 20:28:18',0,null,null,null,-2700,'2017-03-08 20:28:18',307,5),
('Got Income',311,'LH9876543210',1,'INR','2017-03-11 20:28:18',0,null,null,null,-3500,'2017-03-11 20:28:18',307,5),
('Got Income',312,'LI9876543210',1,'INR','2017-03-15 20:28:18',0,null,null,null,-3000,'2017-03-15 20:28:18',307,5),
('Got Income',313,'LJ9876543210',1,'INR','2017-03-16 20:28:18',0,null,null,null,-7000,'2017-03-16 20:28:18',307,5),
('Home',314,'LK9876543210',1,'INR','2017-03-20 20:28:18',0,null,null,null,-5000,'2017-03-20 20:28:18',307,5),
('Furnishings',315,'LL9876543210',1,'INR','2017-03-01 20:28:18',0,null,null,null,2005000,'2017-03-22 20:28:18',300,5),
('Furnishings',316,'LM9876543210',1,'INR','2017-03-22 20:28:18',0,null,null,null,-9000,'2017-03-22 20:28:18',300,5),
('For Shopping',317,'LN9876543210',1,'INR','2017-03-24 20:28:18',0,null,null,null,-9000,'2017-03-24 20:28:18',300,5),
('Toys',318,'LO9876543210',1,'INR','2017-03-25 20:28:18',0,null,null,null,-1100,'2017-03-25 20:28:18',300,5),
('Loan Interest',319,'LP9876543210',1,'INR','2017-03-26 20:28:18',0,null,null,null,-7000,'2017-03-26 20:28:18',300,5),
('Kids',320,'LQ9876543210',1,'INR','2017-03-03 20:28:18',0,null,null,null,200000,'2017-03-03 20:28:18',407,6),
('Got Income',321,'LR9876543210',1,'INR','2017-03-08  20:28:18',0,null,null,null,-5000,'2017-03-08 20:28:18',407,6),
('Got Income',322,'LS9876543210',1,'INR','2017-03-11 20:28:18',0,null,null,null,-3500,'2017-03-11 20:28:18',407,6),
('Got Income',323,'LT9876543210',1,'INR','2017-03-15 20:28:18',0,null,null,null,-3000,'2017-03-15 20:28:18',407,6),
('For Shopping',324,'LU9876543210',1,'INR','2017-03-16 20:28:18',0,null,null,null,-4000,'2017-03-16 20:28:18',407,6),
('service charges',325,'LV9876543210',1,'INR','2017-03-20 20:28:18',0,null,null,null,-2000,'2017-03-20 20:28:18',407,6),
('Hair',326,'LW9876543210',1,'INR','2017-03-01 20:28:18',0,null,null,null,-5000,'2017-03-01 20:28:18',407,6),
('Kids',327,'LX9876543210',1,'INR','2017-03-22 20:28:18',0,null,null,null,250000,'2017-03-22 20:28:18',400,6),
('Laundry',328,'LY9876543210',1,'INR','2017-03-24 20:28:18',0,null,null,null,-3000,'2017-03-24 20:28:18',400,6),
('Veterinary',329,'LZ9876543210',1,'INR','2017-03-25 20:28:18',0,null,null,null,-1000,'2017-03-25 20:28:18',400,6),
('Fees and charges purpose',330,'MA9876543210',1,'INR','2017-03-25 20:28:18',0,null,null,null,-7000,'2017-03-25 20:28:18',400,6),
('For parking',331,'MB9876543210',1,'INR','2017-03-02 20:28:18',0,null,null,null,-1000,'2017-03-02 20:28:18',400,6),
('Got Income',332,'MC9876543210',1,'INR','2017-03-07 20:28:18',0,null,null,null,-7000,'2017-03-07 20:28:18',400,6),
('Got Income',333,'MD9876543210',1,'INR','2017-03-01 20:28:18',0,null,null,null,200000,'2017-03-01 20:28:18',507,7),
('Laundry',334,'ME9876543210',1,'INR','2017-03-03 20:28:18',0,null,null,null,-3000,'2017-03-03 20:28:18',507,7),
('Shopping',335,'MF9876543210',1,'INR','2017-03-05 20:28:18',0,null,null,null,-3000,'2017-03-05 20:28:18',507,7),
('Books',336,'MG9876543210',1,'INR','2017-03-07 20:28:18',0,null,null,null,-3000,'2017-03-07 20:28:18',507,7),
('Transfer',337,'MH9876543210',1,'INR','2017-03-09 20:28:18',0,null,null,null,-1000,'2017-03-09 20:28:18',507,7),
('Electronics & Software ',338,'MI9876543210',1,'INR','2017-03-11 20:28:18',0,null,null,null,-3000,'2017-03-11 20:28:18',507,7),
('Clothing',339,'MJ9876543210',1,'INR','2017-03-13 20:28:18',0,null,null,null,-3000,'2017-03-13 20:28:18',507,7),
('Got Income',340,'MK9876543210',1,'INR','2017-03-15 20:28:18',0,null,null,null,-3000,'2017-03-15 20:28:18',507,7),
('Got Income',341,'ML9876543210',1,'INR','2017-03-17 20:28:18',0,null,null,null,-3000,'2017-03-17 20:28:18',507,7),
('Got Income',342,'MN9876543210',1,'INR','2017-03-19 20:28:18',0,null,null,null,-4000,'2017-03-19 20:28:18',507,7),
('Shopping',343,'MO9876543210',1,'INR','2017-03-21 20:28:18',0,null,null,null,-4000,'2017-03-21 20:28:18',507,7),
('Got Income',344,'MP9876543210',1,'INR','2017-03-23 20:28:18',0,null,null,null,300000,'2017-03-23 20:28:18',500,7),
('Clothing',345,'MQ9876543210',1,'INR','2017-03-25 20:28:18',0,null,null,null,-4000,'2017-03-25 20:28:18',500,7),
('Check',346,'MR9876543210',1,'INR','2017-03-27 20:28:18',0,null,null,null,-4000,'2017-03-27 20:28:18',500,7),
('For Bills & Utilities',347,'MS9876543210',1,'INR','2017-03-29 20:28:18',0,null,null,null,-4000,'2017-03-29 20:28:18',500,7),
('Travel',348,'MT9876543210',1,'INR','2017-03-31 20:28:18',0,null,null,null,-4000,'2017-03-31 20:28:18',500,7),
('Travel',349,'MU9876543210',1,'INR','2017-03-01 20:28:18',0,null,null,null,200000,'2017-03-01 20:28:18',607,8),
('Got Income',350,'MV9876543210',1,'INR','2017-03-02 20:28:18',0,null,null,null,-4000,'2017-03-02 20:28:18',607,8),
('Got Income',351,'MW9876543210',1,'INR','2017-03-03 20:28:18',0,null,null,null,-9000,'2017-03-03 20:28:18',607,8),
('Got Income',352,'MX9876543210',1,'INR','2017-03-05 20:28:18',0,null,null,null,-5000,'2017-03-05 20:28:18',607,8),
('Check',353,'MY9876543210',1,'INR','2017-03-10 20:28:18',0,null,null,null,-4000,'2017-03-11 20:28:18',607,8),
('service charges',354,'MZ9876543210',1,'INR','2017-03-11 20:28:18',0,null,null,null,-4000,'2017-03-13 20:28:18',607,8),
('For Shopping',355,'NA9876543210',1,'INR','2017-03-13 20:28:18',0,null,null,null,-4000,'2017-03-15 20:28:18',607,8),
('For Travel',356,'NB9876543210',1,'INR','2017-03-15 20:28:18',0,null,null,null,-4000,'2017-03-16 20:28:18',607,8),
('Dentist Purpose',357,'NC9876543210',1,'INR','2017-03-16 20:28:18',0,null,null,null,-3000,'2017-03-17 20:28:18',607,8),
('Fees and charges purpose',358,'ND9876543210',1,'INR','2017-03-17 20:28:18',0,null,null,null,-7000,'2017-03-17 20:28:18',607,8),
('For parking',359,'NE9876543210',1,'INR','2017-03-20 20:28:18',0,null,null,null,-3000,'2017-03-20 20:28:18',607,8),
('Got Income',360,'NF9876543210',1,'INR','2017-03-22 20:28:18',0,null,null,null,-3000,'2017-03-22 20:28:18',607,8),
('Got Income',361,'NG9876543210',1,'INR','2017-03-25 20:28:18',0,null,null,null,-3000,'2017-03-25 20:28:18',607,8),
('Travel',362,'NH9876543210',1,'INR','2017-03-01 20:28:18',0,null,null,null,200000,'2017-03-01 20:28:18',600,8),
('Got Income',363,'NI9876543210',1,'INR','2017-03-05 20:28:18',0,null,null,null,-4000,'2017-03-05 20:28:18',600,8),
('Advertisemnt',364,'NJ9876543210',1,'INR','2017-03-15 20:28:18',0,null,null,null,-1000,'2017-03-15 20:28:18',600,8),
('service charges',365,'NK9876543210',1,'INR','2017-03-16 20:28:18',0,null,null,null,-1000,'2017-03-16 20:28:18',600,8),
('For Shopping',366,'NL9876543210',1,'INR','2017-03-25 20:28:18',0,null,null,null,-3000,'2017-03-25 20:28:18',600,8),
('Sports',367,'NM9876543210',1,'INR','2017-03-28 20:28:18',0,null,null,null,-4000,'2017-03-28 20:28:18',600,8),
('Charity',368,'NN9876543210',1,'INR','2017-03-01 20:28:18',0,null,null,null,250000,'2017-03-01 20:28:18',707,9),
('Got Income',369,'NO9876543210',1,'INR','2017-03-03 20:28:18',0,null,null,null,-5000,'2017-03-03 20:28:18',707,9),
('Got Income',370,'NP9876543210',1,'INR','2017-03-08 20:28:18',0,null,null,null,-5000,'2017-03-08 20:28:18',707,9),
('Got Income',371,'NQ9876543210',1,'INR','2017-03-10 20:28:18',0,null,null,null,-5000,'2017-03-10 20:28:18',707,9),
('Advertisemnt',372,'NR9876543210',1,'INR','2017-03-15 20:28:18',0,null,null,null,-5000,'2017-03-15 20:28:18',707,9),
('service charges',373,'NS9876543210',1,'INR','2017-03-18 20:28:18',0,null,null,null,-5000,'2017-03-18 20:28:18',707,9),
('Television',374,'NT9876543210',1,'INR','2017-03-20 20:28:18',0,null,null,null,-5000,'2017-03-20 20:28:18',707,9),
('Television ',375,'NU9876543210',1,'INR','2017-03-22 20:28:18',0,null,null,null,-5000,'2017-03-22 20:28:18',707,9),
('Charity',376,'NV9876543210',1,'INR','2017-03-05 20:28:18',0,null,null,null,200000,'2017-03-05 20:28:18',700,9),
('Utilities',377,'NW9876543210',1,'INR','2017-03-10 20:28:18',0,null,null,null,-5000,'2017-03-10 20:28:18',700,9),
('Service Fee',378,'NX9876543210',1,'INR','2017-03-12 20:28:18',0,null,null,null,-1000,'2017-03-12 20:28:18',700,9),
('Gift',379,'NY9876543210',1,'INR','2017-03-15 20:28:18',0,null,null,null,-1000,'2017-03-15 20:28:18',700,9),
('Groceries',380,'NZ9876543210',1,'INR','2017-03-25 20:28:18',0,null,null,null,-1000,'2017-03-25 20:28:18',700,9),
('Charity',381,'OA9876543210',1,'INR','2017-03-01 20:28:18',0,null,null,null,200000,'2017-03-01 20:28:18',807,10),
('Furnishings',382,'OB9876543210',1,'INR','2017-03-05 20:28:18',0,null,null,null,-2000,'2017-03-05 20:28:18',807,10),
('Kids',383,'OC9876543210',1,'INR','2017-03-10 20:28:18',0,null,null,null,-2000,'2017-03-10 20:28:18',807,10),
('For Travel',384,'OD9876543210',1,'INR','2017-03-15 20:28:18',0,null,null,null,-2000,'2017-03-15 20:28:18',807,10),
('Pets',385,'OE9876543210',1,'INR','2017-03-20 20:28:18',0,null,null,null,-2000,'2017-03-20 20:28:18',807,10),
('Charity',386,'OF9876543210',1,'INR','2017-03-01 20:28:18',0,null,null,null,200000,'2017-03-01 20:28:18',800,10),
('Charity',387,'OG9876543210',1,'INR','2017-03-25 20:28:18',0,null,null,null,-2000,'2017-03-25 20:28:18',800,10),
('Clothing',388,'OH9876543210',1,'INR','2017-03-30 20:28:18',0,null,null,null,-2000,'2017-03-30 20:28:18',800,10),
('Vacation',389,'OI9876543210',1,'INR','2017-03-01 20:28:18',0,null,null,null,150000,'2017-03-01 20:28:18',1107,13),
('For personal care',390,'OJ9876543210',1,'INR','2017-03-02 20:28:18',0,null,null,null,-6000,'2017-03-02 20:28:18',1107,13),
('service charges',391,'OK9876543210',1,'INR','2017-03-03 20:28:18',0,null,null,null,-5000,'2017-03-03 20:28:18',1107,13),
('amusement',392,'OL9876543210',1,'INR','2017-03-04 20:28:18',0,null,null,null,-2000,'2017-03-04 20:28:18',1107,13),
('For parking',393,'OM9876543210',1,'INR','2017-03-05 20:28:18',0,null,null,null,-2000,'2017-03-05 20:28:18',1107,13),
('For personal care',394,'ON9876543210',1,'INR','2017-03-06 20:28:18',0,null,null,null,-2000,'2017-03-06 20:28:18',1107,13),
('service charges',395,'OO9876543210',1,'INR','2017-03-07 20:28:18',0,null,null,null,-1000,'2017-03-07 20:28:18',1107,13),
('amusement',396,'OP9876543210',1,'INR','2017-03-08 20:28:18',0,null,null,null,-1000,'2017-03-08 20:28:18',1107,13),
('For parking',397,'OQ9876543210',1,'INR','2017-03-09 20:28:18',0,null,null,null,-4500,'2017-03-09 20:28:18',1107,13),
('For personal care',398,'OR9876543210',1,'INR','2017-03-10 20:28:18',0,null,null,null,-1000,'2017-03-10 20:28:18',1107,13),
('service charges',399,'OS9876543210',1,'INR','2017-03-11 20:28:18',0,null,null,null,-4000,'2017-03-11 20:28:18',1107,13),
('Clothing',400,'OT9806543210',1,'INR','2017-03-12 20:28:18',0,null,null,null,-2000,'2017-03-12 20:28:18',1107,13),
('service charges',401,'OU9086543210',1,'INR','2017-03-13 20:28:18',0,null,null,null,-15000,'2017-03-13 20:28:18',1107,13),
('Hotel',402,'OV9706543210',1,'INR','2017-03-14 20:28:18',0,null,null,null,-500,'2017-03-14 20:28:18',1107,13),
('Vacation',403,'OW9806543210',1,'INR','2017-03-15 20:28:18',0,null,null,null,-4000,'2017-03-15 20:28:18',1,13),
('For personal care',404,'OX9006543210',1,'INR','2017-03-16 20:28:18',0,null,null,null,-1000,'2017-03-16 20:28:18',1107,13),
('service charges',405,'OY9806543210',1,'INR','2017-03-17 20:28:18',0,null,null,null,-90000,'2017-03-17 20:28:18',1107,13),
('amusement',406,'OZ9806543210',1,'INR','2017-03-18 20:28:18',0,null,null,null,-5000,'2017-03-18 20:28:18',1107,13),
('For parking',407,'PA9806543210',1,'INR','2017-03-19 20:28:18',0,null,null,null,-3000,'2017-03-19 20:28:18',1107,13),
('For personal care',408,'PB9806543210',1,'INR','2017-03-20 20:28:18',0,null,null,null,-1000,'2017-03-20 20:28:18',1107,13),
('service charges',409,'PC9806543210',1,'INR','2017-03-21 20:28:18',0,null,null,null,-500,'2017-03-21 20:28:18',1107,13),
('Vacation',410,'PD9876543210',1,'INR','2017-03-10 20:28:18',0,null,null,null,150000,'2017-03-10 20:28:18',1100,13),
('amusement',411,'PE9806543210',1,'INR','2017-03-22 20:28:18',0,null,null,null,-4000,'2017-03-22 20:28:18',1100,13),
('For parking',412,'PF9806543210',1,'INR','2017-03-23 20:28:18',0,null,null,null,-3000,'2017-03-23 20:28:18',1100,13),
('For personal care',413,'PG9806543210',1,'INR','2017-03-24 20:28:18',0,null,null,null,-2000,'2017-03-24 20:28:18',1100,13),
('service charges',414,'PH9806543210',1,'INR','2017-03-25 20:28:18',0,null,null,null,-1000,'2017-03-25 20:28:18',1100,13),
('For personal care',415,'PI9806543210',1,'INR','2017-03-26 20:28:18',0,null,null,null,-9000,'2017-03-26 20:28:18',1100,13),
('Vacation',416,'PD9876543211',1,'INR','2017-03-10 20:28:18',1,null,null,null,-150000,'2017-03-10 20:28:18',100,3),
('amusement',417,'PE9806543212',1,'INR','2017-03-22 20:28:18',1,null,null,null,-4000,'2017-03-22 20:28:18',100,3),
('For parking',418,'PF9806543213',1,'INR','2017-03-23 20:28:18',1,null,null,null,-3000,'2017-03-23 20:28:18',100,3),
('For personal care',419,'PG9806543214',1,'INR','2017-03-24 20:28:18',1,null,null,null,-2000,'2017-03-24 20:28:18',100,3),
('service charges',420,'PH9806543215',1,'INR','2017-03-25 20:28:18',1,null,null,null,-1000,'2017-03-25 20:28:18',100,3),
('For personal care',421,'PI9806543216',1,'INR','2017-03-26 20:28:18',1,null,null,null,-9000,'2017-03-26 20:28:18',100,3),

('Vacation',422,'PD9876543211',1,'INR','2017-03-10 20:28:18',1,null,null,null,-150000,'2017-04-10 20:28:18',100,3),
('amusement',423,'PE9806543212',1,'INR','2017-04-12 20:28:18',1,null,null,null,-4000,'2017-04-12 20:28:18',100,3),
('For parking',424,'PF9806543213',1,'INR','2017-04-13 20:28:18',1,null,null,null,-3000,'2017-04-13 20:28:18',100,3),
('For personal care',425,'PG9806543214',1,'INR','2017-04-24 20:28:18',1,null,null,null,-2000,'2017-04-24 20:28:18',100,3),
('service charges',426,'PH9806543215',1,'INR','2017-04-25 20:28:18',1,null,null,null,-1000,'2017-04-25 20:28:18',100,3),
('For personal care',427,'PI9806543216',1,'INR','2017-04-25 20:28:18',1,null,null,null,-9000,'2017-04-25 20:28:18',100,3),
('service charges',428,'PH9806543215',1,'INR','2017-04-25 20:28:18',1,null,null,null,-1000,'2017-04-25 20:28:18',100,3),
('For personal care',429,'PI9806543216',1,'INR','2017-04-26 20:28:18',1,null,null,null,-9000,'2017-04-26 20:28:18',100,3),

('service charges',430,'PH9806543215',1,'INR','2017-04-25 20:28:18',1,null,null,null,-1000,'2017-04-25 20:28:18',100,3),
('For personal care',431,'PI9806543216',1,'INR','2017-04-26 20:28:18',1,null,null,null,-9000,'2017-04-26 20:28:18',100,3),
('For personal care',432,'PJ9806543216',1,'INR','2017-04-26 20:28:18',1,null,null,null,-9000,'2017-04-26 20:28:18',100,3),
('For personal care',433,'PK9123543216',1,'INR','2017-04-26 20:28:18',1,null,null,null,-9000,'2017-04-26 20:28:18',100,3),
('For personal care',434,'PK9125543216',1,'INR','2017-04-26 20:28:18',1,null,null,null,-10000,'2017-04-26 20:28:18',100,3),
('For personal care',435,'PK9125543216',1,'INR','2017-04-26 20:28:18',1,null,null,null,-10000,'2017-04-26 20:28:18',100,3),
('For personal care',436,'PK9125543216',1,'INR','2017-04-26 20:28:18',1,null,null,null,-20000,'2017-04-26 20:28:18',100,3);

insert into categorytransactionmapper (createdDate,isActive,modifiedDate,uuid,modifiedBy,createdBy,transactionId,categoryId,accountId) values
('2016-10-01 02:28:18',0,null,null,null,2,1,14,null),
('2016-11-11 20:28:18',0,null,null,null,2,2,14,null),
('2016-12-11 20:28:18',0,null,null,null,2,3,15,null),
('2017-01-15 20:28:18',0,null,null,null,2,4,15,null),
('2016-10-21 20:28:18',0,null,null,null,2,5,16,null),
('2016-11-21 20:28:18',0,null,null,null,2,6,16,null),
('2016-12-28 20:28:18',0,null,null,null,2,7,17,null),
('2017-01-20 20:28:18',0,null,null,null,2,8,17,null),
('2017-01-23 20:28:18',0,null,null,null,2,9,18,null),
('2016-10-09 20:28:18',0,null,null,null,2,10,18,null),
('2016-12-07 20:28:18',0,null,null,null,2,11,19,null),
('2016-11-16 20:28:18',0,null,null,null,2,12,19,null),
('2016-12-07 20:28:18',0,null,null,null,2,13,20,null),
('2016-11-16 20:28:18',0,null,null,null,2,14,20,null),
('2016-10-07 20:28:18',0,null,null,null,2,15,21,null),
('2017-01-16 20:28:18',0,null,null,null,2,16,21,null),
('2016-10-07 20:28:18',0,null,null,null,2,17,22,null),
('2016-11-16 20:28:18',0,null,null,null,2,18,22,null),
('2016-12-07 20:28:18',0,null,null,null,2,19,23,null),
('2017-01-16 20:28:18',0,null,null,null,2,20,23,null),
('2016-10-01 20:28:18',1,null,null,null,3,21,65,15),
('2016-11-01 20:28:18',1,null,null,null,3,22,65,15),
('2016-12-01 20:28:18',1,null,null,null,3,23,65,15),
('2017-01-01 20:28:18',1,null,null,null,3,24,65,15),
('2017-02-01 20:28:18',1,null,null,null,3,25,65,15),
('2016-10-01 20:28:18',1,null,null,null,3,26,1,15),
('2016-11-05 20:28:18',1,null,null,null,3,27,1,15),
('2016-12-05 20:28:18',1,null,null,null,3,28,2,15),
('2016-11-12 20:28:18',1,null,null,null,3,29,2,15),
('2016-10-09 20:28:18',1,null,null,null,3,30,3,15),
('2016-11-10 20:28:18',1,null,null,null,3,31,3,15),
('2016-12-07 20:28:18',1,null,null,null,3,32,4,15),
('2017-01-07 20:28:18',1,null,null,null,3,33,4,15),
('2017-01-08 20:28:18',1,null,null,null,3,34,5,15),
('2016-10-18 20:28:18',1,null,null,null,3,35,5,15),
('2016-11-12 20:28:18',1,null,null,null,3,36,6,15),
('2016-12-22 20:28:18',1,null,null,null,3,37,6,15),
('2016-12-10 20:28:18',1,null,null,null,3,38,7,15),
('2017-01-17 20:28:18',1,null,null,null,3,39,7,15),
('2016-10-20 20:28:18',1,null,null,null,3,40,8,15),
('2016-11-01 20:28:18',1,null,null,null,3,41,8,15),
('2017-01-21 20:28:18',1,null,null,null,3,42,9,1),
('2016-12-22 20:28:18',1,null,null,null,3,43,9,1),
('2016-11-20 20:28:18',1,null,null,null,3,44,10,1),
('2017-01-25 20:28:18',1,null,null,null,3,45,10,1),
('2016-10-18 20:28:18',1,null,null,null,3,46,11,1),
('2016-12-25 20:28:18',1,null,null,null,3,47,11,1),
('2016-12-21 20:28:18',1,null,null,null,3,48,12,1),
('2017-01-28 20:28:18',1,null,null,null,3,49,12,1),
('2016-10-01 20:28:18',1,null,null,null,3,50,13,1),
('2016-11-20 20:28:18',1,null,null,null,3,51,3,1),
('2017-03-01 20:28:18',1,null,null,null,3,416,72,1),
('2017-03-05 20:28:18',1,null,null,null,3,417,79,1),
('2017-03-10 20:28:18',1,null,null,null,3,418,86,1),
('2017-03-20 20:28:18',1,null,null,null,3,419,87,1),
('2017-03-24 20:28:18',1,null,null,null,3,420,94,1),
('2017-03-29 20:28:18',1,null,null,null,3,421,95,1),
('2016-10-01 20:28:18',0,null,null,null,4,52,65,43),
('2016-11-01 20:28:18',0,null,null,null,4,53,65,43),
('2016-12-01 20:28:18',0,null,null,null,4,54,65,43),
('2017-01-01 20:28:18',0,null,null,null,4,55,65,43),
('2017-02-01 20:28:18',0,null,null,null,4,56,65,43),
('2017-01-16 20:28:18',0,null,null,null,4,57,24,43),
('2016-12-15 20:28:18',0,null,null,null,4,58,24,43),
('2016-11-14 20:28:18',0,null,null,null,4,59,25,43),
('2016-10-23 20:28:18',0,null,null,null,4,60,25,43),
('2017-01-02 20:28:18',0,null,null,null,4,61,26,43),
('2016-12-13 20:28:18',0,null,null,null,4,62,26,43),
('2016-11-14 20:28:18',0,null,null,null,4,63,27,43),
('2016-10-15 20:28:18',0,null,null,null,4,64,27,43),
('2017-01-28 20:28:18',0,null,null,null,4,65,28,43),
('2017-01-30 20:28:18',0,null,null,null,4,66,28,43),
('2017-02-01 20:28:18',0,null,null,null,4,67,29,43),
('2017-02-05 20:28:18',0,null,null,null,4,68,29,29),
('2016-10-01 02:28:18',0,null,null,null,4,69,30,29),
('2016-11-11 20:28:18',0,null,null,null,4,70,30,29),
('2016-12-11 20:28:18',0,null,null,null,4,71,1,29),
('2017-01-15 20:28:18',0,null,null,null,4,72,31,29),
('2016-10-21 20:28:18',0,null,null,null,4,73,32,29),
('2016-11-21 20:28:18',0,null,null,null,4,74,32,29),
('2016-12-28 20:28:18',0,null,null,null,4,75,33,29),
('2017-01-20 20:28:18',0,null,null,null,4,76,33,29),
('2017-01-23 20:28:18',0,null,null,null,4,77,34,29),
('2017-02-09 20:28:18',0,null,null,null,4,78,34,29),
('2016-12-07 20:28:18',0,null,null,null,4,79,35,29),
('2016-11-16 20:28:18',0,null,null,null,4,80,35,29),
('2016-10-07 20:28:18',0,null,null,null,4,81,36,29),
('2016-01-16 20:28:18',0,null,null,null,4,82,36,29),
('2016-10-01 20:28:18',0,null,null,null,5,83,65,71),
('2016-11-01 20:28:18',0,null,null,null,5,84,65,71),
('2016-12-01 20:28:18',0,null,null,null,5,85,65,71),
('2017-01-01 20:28:18',0,null,null,null,5,86,65,71),
('2017-02-01 20:28:18',0,null,null,null,5,87,65,71),
('2016-10-01 02:28:18',0,null,null,null,5,88,37,71),
('2016-11-11 20:28:18',0,null,null,null,5,89,37,71),
('2016-12-11 20:28:18',0,null,null,null,5,90,38,71),
('2017-01-15 20:28:18',0,null,null,null,5,91,38,71),
('2016-10-21 20:28:18',0,null,null,null,5,92,39,71),
('2016-11-21 20:28:18',0,null,null,null,5,93,39,71),
('2016-10-01 02:28:18',0,null,null,null,5,94,40,71),
('2016-11-11 20:28:18',0,null,null,null,5,95,40,71),
('2016-12-11 20:28:18',0,null,null,null,5,96,41,71),
('2017-01-15 20:28:18',0,null,null,null,5,97,41,71),
('2016-12-11 20:28:18',0,null,null,null,5,98,42,71),
('2017-01-15 20:28:18',0,null,null,null,5,99,42,57),
('2016-10-11 20:28:18',0,null,null,null,5,100,43,57),
('2016-11-15 20:28:18',0,null,null,null,5,101,43,57),
('2016-12-11 20:28:18',0,null,null,null,5,102,44,57),
('2017-01-15 20:28:18',0,null,null,null,5,103,44,57),
('2016-10-11 20:28:18',0,null,null,null,5,104,45,57),
('2016-11-15 20:28:18',0,null,null,null,5,105,45,57),
('2016-10-01 20:28:18',0,null,null,null,6,106,65,99),
('2016-11-01 20:28:18',0,null,null,null,6,107,65,99),
('2016-12-01 20:28:18',0,null,null,null,6,108,65,99),
('2017-01-01 20:28:18',0,null,null,null,6,109,65,99),
('2017-02-01 20:28:18',0,null,null,null,6,110,65,99),
('2016-11-01 02:28:18',0,null,null,null,6,111,46,99),
('2016-12-11 20:28:18',0,null,null,null,6,112,46,99),
('2016-12-11 20:28:18',0,null,null,null,6,113,47,99),
('2017-01-15 20:28:18',0,null,null,null,6,114,47,99),
('2017-10-21 20:28:18',0,null,null,null,6,115,48,99),
('2017-12-21 20:28:18',0,null,null,null,6,116,48,99),
('2016-10-01 02:28:18',0,null,null,null,6,117,49,99),
('2016-11-11 20:28:18',0,null,null,null,6,118,49,99),
('2016-12-11 20:28:18',0,null,null,null,6,119,50,99),
('2017-01-15 20:28:18',0,null,null,null,6,120,50,99),
('2016-12-11 20:28:18',0,null,null,null,6,121,51,99),
('2017-01-15 20:28:18',0,null,null,null,6,122,51,99),
('2016-10-11 20:28:18',0,null,null,null,6,123,52,85),
('2016-11-15 20:28:18',0,null,null,null,6,124,52,85),
('2016-12-11 20:28:18',0,null,null,null,6,125,53,85),
('2017-01-15 20:28:18',0,null,null,null,6,126,53,85),
('2016-10-11 20:28:18',0,null,null,null,6,127,54,85),
('2016-11-15 20:28:18',0,null,null,null,6,128,54,85),
('2016-12-11 20:28:18',0,null,null,null,6,129,55,85),
('2017-01-15 20:28:18',0,null,null,null,6,130,55,85),
('2016-10-11 20:28:18',0,null,null,null,6,131,56,85),
('2016-11-15 20:28:18',0,null,null,null,6,132,56,85),
('2016-10-01 20:28:18',0,null,null,null,7,133,65,127),
('2016-11-01 20:28:18',0,null,null,null,7,134,65,127),
('2016-12-01 20:28:18',0,null,null,null,7,135,65,127),
('2017-01-01 20:28:18',0,null,null,null,7,136,65,127),
('2017-02-01 20:28:18',0,null,null,null,7,137,65,127),
('2016-09-11 20:28:18',0,null,null,null,7,138,57,127),
('2016-10-11 20:28:18',0,null,null,null,7,139,57,127),
('2016-10-11 20:28:18',0,null,null,null,7,140,58,127),
('2016-11-11 20:28:18',0,null,null,null,7,141,58,127),
('2016-11-11 20:28:18',0,null,null,null,7,142,59,127),
('2016-12-11 20:28:18',0,null,null,null,7,143,59,127),
('2016-12-11 20:28:18',0,null,null,null,7,144,60,127),
('2017-01-11 20:28:18',0,null,null,null,7,145,60,127),
('2016-10-11 20:28:18',0,null,null,null,7,146,61,127),
('2017-01-11 20:28:18',0,null,null,null,7,147,61,127),
('2016-11-11 20:28:18',0,null,null,null,7,148,62,127),
('2016-12-11 20:28:18',0,null,null,null,7,149,62,127),
('2016-10-11 20:28:18',0,null,null,null,7,150,63,127),
('2017-02-11 20:28:18',0,null,null,null,7,151,63,127),
('2017-01-11 20:28:18',0,null,null,null,7,152,64,127),
('2017-01-19 20:28:18',0,null,null,null,7,153,64,127),
('2016-10-11 20:28:18',0,null,null,null,7,154,66,127),
('2016-11-11 20:28:18',0,null,null,null,7,155,66,127),
('2016-11-11 20:28:18',0,null,null,null,7,156,67,127),
('2016-12-11 20:28:18',0,null,null,null,7,157,67,127),
('2016-12-11 20:28:18',0,null,null,null,7,158,68,127),
('2017-01-11 20:28:18',0,null,null,null,7,159,68,113),
('2016-10-11 20:28:18',0,null,null,null,7,160,69,113),
('2017-01-11 20:28:18',0,null,null,null,7,161,69,113),
('2016-11-11 20:28:18',0,null,null,null,7,162,70,113),
('2016-12-11 20:28:18',0,null,null,null,7,163,70,113),
('2016-10-11 20:28:18',0,null,null,null,7,164,71,113),
('2017-02-11 20:28:18',0,null,null,null,7,165,71,113),
('2016-10-01 20:28:18',0,null,null,null,8,166,65,155),
('2016-11-01 20:28:18',0,null,null,null,8,167,65,155),
('2016-12-01 20:28:18',0,null,null,null,8,168,65,155),
('2017-01-01 20:28:18',0,null,null,null,8,169,65,155),
('2017-02-01 20:28:18',0,null,null,null,8,170,65,155),
('2016-09-11 20:28:18',0,null,null,null,8,171,72,155),
('2016-10-10 20:28:18',0,null,null,null,8,172,72,155),
('2016-11-11 20:28:18',0,null,null,null,8,173,73,155),
('2016-12-10 20:28:18',0,null,null,null,8,174,73,155),
('2016-09-11 20:28:18',0,null,null,null,8,175,74,155),
('2016-10-10 20:28:18',0,null,null,null,8,176,74,155),
('2016-11-11 20:28:18',0,null,null,null,8,177,75,155),
('2016-12-10 20:28:18',0,null,null,null,8,178,75,155),
('2017-01-09 20:28:18',0,null,null,null,8,179,76,155),
('2017-02-05 20:28:18',0,null,null,null,8,180,76,155),
('2017-02-04 20:28:18',0,null,null,null,8,181,77,155),
('2017-02-05 20:28:18',0,null,null,null,8,182,77,155),
('2016-11-04 20:28:18',0,null,null,null,8,183,78,155),
('2017-12-05 20:28:18',0,null,null,null,8,184,78,155),
('2016-09-11 20:28:18',0,null,null,null,8,185,79,155),
('2016-10-10 20:28:18',0,null,null,null,8,186,79,155),
('2016-11-11 20:28:18',0,null,null,null,8,187,80,155),
('2016-12-10 20:28:18',0,null,null,null,8,188,80,155),
('2016-09-11 20:28:18',0,null,null,null,8,189,81,155),
('2016-10-10 20:28:18',0,null,null,null,8,190,81,155),
('2016-11-11 20:28:18',0,null,null,null,8,191,82,155),
('2016-12-10 20:28:18',0,null,null,null,8,192,82,155),
('2017-01-09 20:28:18',0,null,null,null,8,193,83,155),
('2017-02-05 20:28:18',0,null,null,null,8,194,83,155),
('2017-02-04 20:28:18',0,null,null,null,8,195,84,141),
('2017-02-05 20:28:18',0,null,null,null,8,196,84,141),
('2016-09-05 20:28:18',0,null,null,null,8,197,113,141),
('2016-10-05 20:28:18',0,null,null,null,8,198,113,141),
('2016-11-05 20:28:18',0,null,null,null,8,199,114,141),
('2016-12-05 20:28:18',0,null,null,null,8,200,114,141),
('2016-12-05 20:28:18',0,null,null,null,8,201,115,141),
('2017-02-05 20:28:18',0,null,null,null,8,202,115,141),
('2017-02-05 20:28:18',0,null,null,null,8,203,116,141),
('2017-02-05 20:28:18',0,null,null,null,8,204,116,141),
('2017-02-05 20:28:18',0,null,null,null,8,205,116,141),
('2016-10-01 20:28:18',0,null,null,null,9,206,65,183),
('2016-11-01 20:28:18',0,null,null,null,9,207,65,183),
('2016-12-01 20:28:18',0,null,null,null,9,208,65,183),
('2017-01-01 20:28:18',0,null,null,null,9,209,65,183),
('2017-02-01 20:28:18',0,null,null,null,9,210,65,183),
('2016-09-04 20:28:18',0,null,null,null,9,211,85,183),
('2016-09-05 20:28:18',0,null,null,null,9,212,85,183),
('2016-10-04 20:28:18',0,null,null,null,9,213,86,183),
('2016-10-05 20:28:18',0,null,null,null,9,214,86,183),
('2016-11-04 20:28:18',0,null,null,null,9,215,87,183),
('2016-11-05 20:28:18',0,null,null,null,9,216,87,183),
('2016-12-04 20:28:18',0,null,null,null,9,217,88,183),
('2016-12-05 20:28:18',0,null,null,null,9,218,88,183),
('2016-09-04 20:28:18',0,null,null,null,9,219,89,183),
('2016-09-05 20:28:18',0,null,null,null,9,220,89,183),
('2016-10-04 20:28:18',0,null,null,null,9,221,90,183),
('2016-10-05 20:28:18',0,null,null,null,9,222,90,183),
('2016-11-04 20:28:18',0,null,null,null,9,223,91,183),
('2016-11-05 20:28:18',0,null,null,null,9,224,91,183),
('2016-12-04 20:28:18',0,null,null,null,9,225,92,169),
('2016-12-05 20:28:18',0,null,null,null,9,226,92,169),
('2016-09-05 20:28:18',0,null,null,null,9,227,105,169),
('2016-09-05 20:28:18',0,null,null,null,9,228,105,169),
('2016-10-05 20:28:18',0,null,null,null,9,229,106,169),
('2016-10-05 20:28:18',0,null,null,null,9,230,106,169),
('2016-11-05 20:28:18',0,null,null,null,9,231,107,169),
('2016-11-05 20:28:18',0,null,null,null,9,232,107,169),
('2016-10-01 20:28:18',0,null,null,null,10,233,65,211),
('2016-11-01 20:28:18',0,null,null,null,10,234,65,211),
('2016-12-01 20:28:18',0,null,null,null,10,235,65,211),
('2017-01-01 20:28:18',0,null,null,null,10,236,65,211),
('2017-02-01 20:28:18',0,null,null,null,10,237,65,211),
('2016-09-04 20:28:18',0,null,null,null,10,238,93,211),
('2016-09-05 20:28:18',0,null,null,null,10,239,93,211),
('2016-10-04 20:28:18',0,null,null,null,10,240,94,211),
('2016-10-05 20:28:18',0,null,null,null,10,241,94,211),
('2016-11-04 20:28:18',0,null,null,null,10,242,95,211),
('2016-11-05 20:28:18',0,null,null,null,10,243,95,211),
('2016-12-04 20:28:18',0,null,null,null,10,244,96,211),
('2016-12-05 20:28:18',0,null,null,null,10,245,96,211),
('2017-01-04 20:28:18',0,null,null,null,10,246,97,197),
('2017-01-05 20:28:18',0,null,null,null,10,247,97,197),
('2017-02-04 20:28:18',0,null,null,null,10,248,98,197),
('2017-02-05 20:28:18',0,null,null,null,10,249,98,197),
('2016-10-05 20:28:18',0,null,null,null,13,250,65,295), 
('2016-11-05 20:28:18',0,null,null,null,13,251,65,295),
('2016-12-05 20:28:18',0,null,null,null,13,252,65,295),
('2017-01-05 20:28:18',0,null,null,null,13,253,65,295),
('2017-02-05 20:28:18',0,null,null,null,13,254,65,295),
('2016-10-10 20:28:18',0,null,null,null,13,255,1,295),
('2016-10-11 20:28:18',0,null,null,null,13,256,2,295),
('2016-10-12 20:28:18',0,null,null,null,13,257,3,295),
('2016-10-14 20:28:18',0,null,null,null,13,258,4,295),
('2016-11-02 20:28:18',0,null,null,null,13,259,8,295),
('2016-11-05 20:28:18',0,null,null,null,13,260,9,295),
('2016-11-09 20:28:18',0,null,null,null,13,261,10,295),
('2016-11-14 20:28:18',0,null,null,null,13,262,11,295),
('2016-12-02 20:28:18',0,null,null,null,13,263,15,295),
('2016-12-04 20:28:18',0,null,null,null,13,264,16,295),
('2016-12-12 20:28:18',0,null,null,null,13,265,17,295),
('2016-12-23 20:28:18',0,null,null,null,13,266,14,295),
('2017-01-14 20:28:18',0,null,null,null,13,267,20,295),
('2017-02-04 20:28:18',0,null,null,null,13,268,24,295),
('2017-02-06 20:28:18',0,null,null,null,13,269,25,295),
('2017-02-08 20:28:18',0,null,null,null,13,270,26,295),
('2017-02-09 20:28:18',0,null,null,null,13,271,27,295),
('2017-02-15 20:28:18',0,null,null,null,13,272,28,295),
('2017-02-24 20:28:18',0,null,null,null,13,273,29,295),
('2016-10-05 20:28:18',0,null,null,null,13,274,66,295), 
('2016-11-05 20:28:18',0,null,null,null,13,275,67,281),
('2016-12-05 20:28:18',0,null,null,null,13,276,68,281),
('2017-01-05 20:28:18',0,null,null,null,13,277,69,281),
('2017-02-04 20:28:18',0,null,null,null,13,278,70,281),
('2017-02-05 20:28:18',0,null,null,null,13,279,71,281),
('2017-03-01 20:28:18',1,null,null,null,3,280,65,15),
('2017-03-11 20:28:18',1,null,null,null,3,281,1,15),
('2017-03-15 20:28:18',1,null,null,null,3,282,1,15),
('2017-03-16 20:28:18',1,null,null,null,3,283,2,15),
('2017-03-10 20:28:18',1,null,null,null,3,284,3,15),
('2017-03-07 20:28:18',1,null,null,null,3,285,4,15),
('2017-03-22 20:28:18',1,null,null,null,3,286,6,15),
('2017-03-17 20:28:18',1,null,null,null,3,287,7,15),
('2017-03-21 20:28:18',1,null,null,null,3,288,9,1),
('2017-03-25 20:28:18',1,null,null,null,3,289,10,1),
('2017-03-05 20:28:18',1,null,null,null,3,290,11,1),
('2017-03-28 20:28:18',1,null,null,null,3,291,12,1),
('2017-03-21 20:28:18',1,null,null,null,3,292,13,1),
('2017-03-01 20:28:18',1,null,null,null,3,293,65,1),
('2017-03-03 20:28:18',0,null,null,null,4,294,24,43),
('2017-03-08 20:28:18',0,null,null,null,4,295,25,43),
('2017-03-11 20:28:18',0,null,null,null,4,296,26,43),
('2017-03-15 20:28:18',0,null,null,null,4,297,27,43),
('2017-03-16 20:28:18',0,null,null,null,4,298,28,43),
('2017-03-20 20:28:18',0,null,null,null,4,299,29,43),
('2017-03-22 20:28:18',0,null,null,null,4,300,30,43),
('2017-03-24 20:28:18',0,null,null,null,4,301,1,29),
('2017-03-25 20:28:18',0,null,null,null,4,302,31,29),
('2017-03-26 20:28:18',0,null,null,null,4,303,32,29),
('2017-03-22 20:28:18',0,null,null,null,4,304,33,43),
('2017-03-24 20:28:18',0,null,null,null,4,305,34,29),
('2017-03-25 20:28:18',0,null,null,null,4,306,35,29),
('2017-03-01 20:28:18',0,null,null,null,4,307,65,43),
('2017-03-01 20:28:18',0,null,null,null,4,308,65,29),
('2017-03-03 20:28:18',0,null,null,null,5,309,65,71),
('2017-03-08 20:28:18',0,null,null,null,5,310,37,71),
('2017-03-11 20:28:18',0,null,null,null,5,311,38,71),
('2017-03-15 20:28:18',0,null,null,null,5,312,39,71),
('2017-03-16 20:28:18',0,null,null,null,5,313,40,71),
('2017-03-20 20:28:18',0,null,null,null,5,314,41,71),
('2017-03-01 20:28:18',0,null,null,null,5,315,65,57),
('2017-03-22 20:28:18',0,null,null,null,5,316,42,57),
('2017-03-24 20:28:18',0,null,null,null,5,317,43,57),
('2017-03-25 20:28:18',0,null,null,null,5,318,44,57),
('2017-03-26 20:28:18',0,null,null,null,5,319,45,57),
('2017-03-03 20:28:18',0,null,null,null,6,320,65,99),
('2017-03-08 20:28:18',0,null,null,null,6,321,46,99),
('2017-03-11 20:28:18',0,null,null,null,6,322,47,99),
('2017-03-15 20:28:18',0,null,null,null,6,323,48,99),
('2017-03-16 20:28:18',0,null,null,null,6,324,49,99),
('2017-03-20 20:28:18',0,null,null,null,6,325,50,99),
('2017-03-01 20:28:18',0,null,null,null,6,326,51,99),
('2017-03-22 20:28:18',0,null,null,null,6,327,65,85),
('2017-03-24 20:28:18',0,null,null,null,6,328,52,85),
('2017-03-25 20:28:18',0,null,null,null,6,329,53,85),
('2017-03-26 20:28:18',0,null,null,null,6,330,54,85),
('2017-03-02 20:28:18',0,null,null,null,6,331,55,85),
('2017-03-07 20:28:18',0,null,null,null,6,332,56,85),
('2017-03-01 20:28:18',0,null,null,null,7,333,65,127),
('2017-03-03 20:28:18',0,null,null,null,7,334,57,127),
('2017-03-05 20:28:18',0,null,null,null,7,335,58,127),
('2017-03-07 20:28:18',0,null,null,null,7,336,59,127),
('2017-03-09 20:28:18',0,null,null,null,7,337,60,127),
('2017-03-11 20:28:18',0,null,null,null,7,338,61,127),
('2017-03-13 20:28:18',0,null,null,null,7,339,62,127),
('2017-03-15 20:28:18',0,null,null,null,7,340,63,127),
('2017-03-17 20:28:18',0,null,null,null,7,341,64,127),
('2017-03-19 20:28:18',0,null,null,null,7,342,66,127),
('2017-03-21 20:28:18',0,null,null,null,7,343,67,127),
('2017-03-23 20:28:18',0,null,null,null,7,344,65,113),
('2017-03-25 20:28:18',0,null,null,null,7,345,68,113),
('2017-03-27 20:28:18',0,null,null,null,7,346,69,113),
('2017-03-29 20:28:18',0,null,null,null,7,347,70,113),
('2017-03-31 20:28:18',0,null,null,null,7,348,71,113),
('2017-03-01 20:28:18',0,null,null,null,8,349,65,155),
('2017-03-02 20:28:18',0,null,null,null,8,350,72,155),
('2017-03-03 20:28:18',0,null,null,null,8,351,73,155),
('2017-03-05 20:28:18',0,null,null,null,8,352,74,155),
('2017-03-10 20:28:18',0,null,null,null,8,353,75,155),
('2017-03-11 20:28:18',0,null,null,null,8,354,76,155),
('2017-03-13 20:28:18',0,null,null,null,8,355,77,155),
('2017-03-15 20:28:18',0,null,null,null,8,356,78,155),
('2017-03-16 20:28:18',0,null,null,null,8,357,79,155),
('2017-03-17 20:28:18',0,null,null,null,8,358,80,155),
('2017-03-20 20:28:18',0,null,null,null,8,359,81,155),
('2017-03-22 20:28:18',0,null,null,null,8,360,82,155),
('2017-03-25 20:28:18',0,null,null,null,8,361,83,155),
('2017-03-01 20:28:18',0,null,null,null,8,362,65,141),
('2017-03-05 20:28:18',0,null,null,null,8,363,65,141),
('2017-03-15 20:28:18',0,null,null,null,8,364,113,141),
('2017-03-16 20:28:18',0,null,null,null,8,365,114,141),
('2017-03-25 20:28:18',0,null,null,null,8,366,115,141),
('2017-03-28 20:28:18',0,null,null,null,8,367,116,141),
('2017-03-01 20:28:18',0,null,null,null,9,368,65,183),
('2017-03-03 20:28:18',0,null,null,null,9,369,85,183),
('2017-03-08 20:28:18',0,null,null,null,9,370,86,183),
('2017-03-10 20:28:18',0,null,null,null,9,371,87,183),
('2017-03-15 20:28:18',0,null,null,null,9,372,88,183),
('2017-03-18 20:28:18',0,null,null,null,9,373,89,183),
('2017-03-20 20:28:18',0,null,null,null,9,374,90,183),
('2017-03-22 20:28:18',0,null,null,null,9,375,91,183),
('2017-03-05 20:28:18',0,null,null,null,9,376,65,169),
('2017-03-10 20:28:18',0,null,null,null,9,377,92,169),
('2017-03-12 20:28:18',0,null,null,null,9,378,105,169),
('2017-03-15 20:28:18',0,null,null,null,9,379,106,169),
('2017-03-25 20:28:18',0,null,null,null,9,380,107,169),
('2017-03-01 20:28:18',0,null,null,null,10,381,65,211),
('2017-03-05 20:28:18',0,null,null,null,10,382,93,211),
('2017-03-10 20:28:18',0,null,null,null,10,383,94,211),
('2017-03-15 20:28:18',0,null,null,null,10,384,95,211),
('2017-03-20 20:28:18',0,null,null,null,10,385,96,211),
('2017-03-01 20:28:18',0,null,null,null,10,386,65,197),
('2017-03-25 20:28:18',0,null,null,null,10,387,97,197),
('2017-03-30 20:28:18',0,null,null,null,10,388,98,197),
('2017-03-01 20:28:18',0,null,null,null,13,389,65,295),
('2017-03-02 20:28:18',0,null,null,null,13,390,1,295),
('2017-03-03 20:28:18',0,null,null,null,13,391,2,295),
('2017-03-04 20:28:18',0,null,null,null,13,392,3,295),
('2017-03-05 20:28:18',0,null,null,null,13,393,4,295),
('2017-03-06 20:28:18',0,null,null,null,13,394,8,295),
('2017-03-07 20:28:18',0,null,null,null,13,395,9,295),
('2017-03-08 20:28:18',0,null,null,null,13,396,10,295),
('2017-03-09 20:28:18',0,null,null,null,13,397,11,295),
('2017-03-10 20:28:18',0,null,null,null,13,398,15,295),
('2017-03-11 20:28:18',0,null,null,null,13,399,16,295),
('2017-03-12 20:28:18',0,null,null,null,13,400,17,295),
('2017-03-13 20:28:18',0,null,null,null,13,401,14,295),
('2017-03-14 20:28:18',0,null,null,null,13,402,20,295),
('2017-03-15 20:28:18',0,null,null,null,13,403,24,295),
('2017-03-16 20:28:18',0,null,null,null,13,404,25,295),
('2017-03-17 20:28:18',0,null,null,null,13,405,26,295),
('2017-03-18 20:28:18',0,null,null,null,13,406,27,295),
('2017-03-19 20:28:18',0,null,null,null,13,407,28,295),
('2017-03-20 20:28:18',0,null,null,null,13,408,29,295),
('2017-03-21 20:28:18',0,null,null,null,13,409,66,295),
('2017-03-10 20:28:18',0,null,null,null,13,410,65,281),
('2017-03-22 20:28:18',0,null,null,null,13,411,67,281),
('2017-03-23 20:28:18',0,null,null,null,13,412,68,281),
('2017-03-24 20:28:18',0,null,null,null,13,413,69,281),
('2017-03-25 20:28:18',0,null,null,null,13,414,70,281),
('2017-03-26 20:28:18',0,null,null,null,13,415,71,281),

('2017-04-10 20:28:18',1,null,null,null,3,422,99,1),
('2017-04-12 20:28:18',1,null,null,null,3,423,105,1),
('2017-04-13 20:28:18',1,null,null,null,3,424,108,1),
('2017-04-24 20:28:18',1,null,null,null,3,425,99,1),
('2017-04-25 20:28:18',1,null,null,null,3,426,105,1),
('2017-04-25 20:28:18',1,null,null,null,3,427,108,1),
('2017-04-25 20:28:18',1,null,null,null,3,428,99,1),
('2017-04-26 20:28:18',1,null,null,null,3,429,105,1),

('2017-04-25 20:28:18',1,null,null,null,3,430,11,1),
('2017-04-26 20:28:18',1,null,null,null,3,431,11,1),
('2017-04-26 20:28:18',1,null,null,null,3,432,21,1),
('2017-04-26 20:28:18',1,null,null,null,3,433,9,1),
('2017-04-26 20:28:18',1,null,null,null,3,434,8,1),
('2017-04-26 20:28:18',1,null,null,null,3,435,10,1),
('2017-04-26 20:28:18',1,null,null,null,3,436,22,1);

insert into goalType (id,createdDate,isActive,modifiedDate,uuid,createdBy,modifiedBy,name) values 
(1,sysdate(),1,null,null,1,1,'GoalType 1'),
(2,sysdate(),1,null,null,1,1,'GoalType 2'),
(3,sysdate(),1,null,null,1,1,'GoalType 3'),
(4,sysdate(),1,null,null,1,1,'GoalType 4'),
(5,sysdate(),1,null,null,1,1,'GoalType 5');

insert into frequencyType (id,createdDate,isActive,modifiedDate,uuid,createdBy,modifiedBy,name,noOfMonths) values 
(1,sysdate(),1,null,null,1,1,'FrequencyType 1',1),
(2,sysdate(),1,null,null,1,1,'FrequencyType 2',3),
(3,sysdate(),1,null,null,1,1,'FrequencyType 3',6),
(4,sysdate(),1,null,null,1,1,'FrequencyType 4',9),
(5,sysdate(),1,null,null,1,1,'FrequencyType 5',12);

insert into asset (id,createdDate,isActive,modifiedDate,uuid,description,growthRate,name,originalValuationDate,originalValue,createdBy,modifiedBy) values 
(1,sysdate(),1,null,null,null,6.5,'Land in Chandigrah',null,250000,3,3),
(2,sysdate(),1,null,null,null,4,'Old Jewellery',null,200000,3,3),
(3,sysdate(),0,null,null,null,6.5,'Land in Chandigrah',null,250000,4,4),
(4,sysdate(),0,null,null,null,4,'Old Jewellery',null,200000,4,4),
(5,sysdate(),0,null,null,null,6.5,'Land in Chandigrah',null,250000,5,5),
(6,sysdate(),0,null,null,null,4,'Old Jewellery',null,200000,5,5),
(7,sysdate(),0,null,null,null,6.5,'Land in Chandigrah',null,250000,6,6),
(8,sysdate(),0,null,null,null,4,'Old Jewellery',null,200000,6,6),
(9,sysdate(),0,null,null,null,6.5,'Land in Chandigrah',null,250000,7,7),
(10,sysdate(),0,null,null,null,4,'Old Jewellery',null,200000,7,7),
(11,sysdate(),0,null,null,null,6.5,'Land in Chandigrah',null,250000,8,8),
(12,sysdate(),0,null,null,null,4,'Old Jewellery',null,200000,8,8),
(13,sysdate(),0,null,null,null,6.5,'Land in Chandigrah',null,250000,9,9),
(14,sysdate(),0,null,null,null,4,'Old Jewellery',null,200000,9,9),
(15,sysdate(),0,null,null,null,6.5,'Land in Chandigrah',null,250000,10,10),
(16,sysdate(),0,null,null,null,4,'Old Jewellery',null,200000,10,10),
(17,sysdate(),0,null,null,null,6.5,'Land in Chandigrah',null,250000,11,11),
(18,sysdate(),0,null,null,null,4,'Old Jewellery',null,200000,11,11),
(19,sysdate(),0,null,null,null,6.5,'Land in Chandigrah',null,250000,12,12),
(20,sysdate(),0,null,null,null,4,'Old Jewellery',null,200000,12,12);

insert into goal (id,createdDate,isActive,modifiedDate,uuid,description,installmentAmount,name,purpose,targetAmount,targetDate,createdBy,modifiedBy,frequencyTypeId,goalTypeId) values 
(1,sysdate(),1,null,null,null,10000,'Child Education','P',200000,'2017-05-01 23:59:59',3,null,1,1),
(2,sysdate(),0,null,null,null,10000,'Marriage','P',300000,'2017-06-01 23:59:59',4,null,2,2),
(3,sysdate(),0,null,null,null,10000,'Buy a Car','P',400000,'2017-07-01 23:59:59',5,null,3,3),
(4,sysdate(),0,null,null,null,10000,'House','P',500000,'2017-08-01 23:59:59',6,null,4,4),
(5,sysdate(),0,null,null,null,10000,'Child Education','P',600000,'2017-09-01 23:59:59',7,null,4,4),
(6,sysdate(),0,null,null,null,10000,'Daughter Marraige','P',700000,'2017-10-01 23:59:59',8,null,4,4),
(7,sysdate(),0,null,null,null,10000,'Buy a Car','P',800000,'2017-11-01 23:59:59',9,null,4,5),
(8,sysdate(),0,null,null,null,10000,'House','P',900000,'2017-12-01 23:59:59',10,null,5,5),
(9,sysdate(),0,null,null,null,10000,'Abroad Trip','P',1000000,'2018-01-01 23:59:59',11,null,5,5),
(10,sysdate(),0,null,null,null,10000,'Abroad Trip','P',1000000,'2018-01-01 23:59:59',12,null,5,5),
(11,sysdate(),0,null,null,null,10000,'Abroad Trip','P',2000000,'2018-01-01 23:59:59',13,null,5,5),
(12,sysdate(),0,null,null,null,10000,'Child Education','B',5000000,'2017-05-01 23:59:59',3,null,1,1),
(13,sysdate(),0,null,null,null,10000,'Marriage','B',600000,'2017-06-01 23:59:59',4,null,2,2),
(14,sysdate(),0,null,null,null,10000,'Buy a Car','B',1000000,'2017-07-01 23:59:59',5,null,3,3),
(15,sysdate(),0,null,null,null,10000,'House','B',1500000,'2017-08-01 23:59:59',6,null,4,4),
(16,sysdate(),0,null,null,null,10000,'Child Education','B',600000,'2017-09-01 23:59:59',7,null,4,4),
(17,sysdate(),0,null,null,null,10000,'Daughter Marraige','B',1700000,'2017-10-01 23:59:59',8,null,4,4),
(18,sysdate(),0,null,null,null,10000,'Buy a Car','B',800000,'2017-11-01 23:59:59',9,null,4,5),
(19,sysdate(),0,null,null,null,10000,'House','B',900000,'2017-12-01 23:59:59',10,null,5,5),
(20,sysdate(),0,null,null,null,10000,'Abroad Trip','B',1000000,'2018-01-01 23:59:59',11,null,5,5),
(21,sysdate(),0,null,null,null,10000,'Abroad Trip','B',1000000,'2018-01-01 23:59:59',12,null,5,5),
(22,sysdate(),0,null,null,null,10000,'Abroad Trip','B',2000000,'2018-01-01 23:59:59',13,null,5,5);

insert into goalAssetMapper (id,createdDate,isActive,modifiedDate,uuid,createdBy,modifiedBy,proportion,assetId,goalId) values
(1,sysdate(),1,null,null,3,3,0.3,1,1),
(2,sysdate(),0,null,null,3,3,0.2,2,1),
(3,sysdate(),0,null,null,4,4,0.3,3,2),
(4,sysdate(),0,null,null,4,4,0.2,4,2),
(5,sysdate(),0,null,null,5,5,0.3,5,3),
(6,sysdate(),0,null,null,5,5,0.2,6,3),
(7,sysdate(),0,null,null,6,6,0.3,7,4),
(8,sysdate(),0,null,null,6,6,0.2,8,4),
(9,sysdate(),0,null,null,7,7,0.3,9,5),
(10,sysdate(),0,null,null,7,7,0.2,10,5),
(11,sysdate(),0,null,null,8,8,0.3,11,6),
(12,sysdate(),0,null,null,8,8,0.2,12,6),
(13,sysdate(),0,null,null,9,9,0.3,13,7),
(14,sysdate(),0,null,null,9,9,0.2,14,7),
(15,sysdate(),0,null,null,10,10,0.3,15,8),
(16,sysdate(),0,null,null,10,10,0.2,16,8),
(17,sysdate(),0,null,null,11,11,0.3,17,9),
(18,sysdate(),0,null,null,11,11,0.2,18,9),
(19,sysdate(),0,null,null,12,12,0.3,19,10),
(20,sysdate(),0,null,null,12,12,0.2,20,10);

insert into goalAccountMapper (id,createdDate,isActive,modifiedDate,uuid,createdBy,modifiedBy,proportion,rateOfInterest,accountId,goalId) values
(1,sysdate(),1,null,null,3,3,0.5,6.5,15,1),
(2,sysdate(),1,null,null,3,3,0.5,7,16,1),
(3,sysdate(),0,null,null,4,4,0.5,6.5,43,2),
(4,sysdate(),0,null,null,4,4,0.5,7,44,2),
(5,sysdate(),0,null,null,5,5,0.5,6.5,71,3),
(6,sysdate(),0,null,null,5,5,0.5,7,72,3),
(7,sysdate(),0,null,null,6,6,0.5,6.5,99,4),
(8,sysdate(),0,null,null,6,6,0.5,7,100,4),
(9,sysdate(),0,null,null,7,7,0.5,6.5,127,5),
(10,sysdate(),0,null,null,7,7,0.5,7,128,5),
(11,sysdate(),0,null,null,8,8,0.5,6.5,155,6),
(12,sysdate(),0,null,null,8,8,0.5,7,156,6),
(13,sysdate(),0,null,null,9,9,0.5,6.5,183,7),
(14,sysdate(),0,null,null,9,9,0.5,7,184,7),
(15,sysdate(),0,null,null,10,10,0.5,6.5,211,8),
(16,sysdate(),0,null,null,10,10,0.5,7,212,8),
(17,sysdate(),0,null,null,11,11,0.5,6.5,239,9),
(18,sysdate(),0,null,null,11,11,0.5,7,240,9),
(19,sysdate(),0,null,null,12,12,0.5,6.5,267,10),
(20,sysdate(),0,null,null,12,12,0.5,7,268,10),
(21,sysdate(),0,null,null,13,13,0.5,6.5,295,11),
(22,sysdate(),0,null,null,13,13,0.5,7,296,11),
(23,sysdate(),0,null,null,3,3,0.5,6.5,1,12),
(24,sysdate(),0,null,null,3,3,0.5,7,2,12),
(25,sysdate(),0,null,null,4,4,0.5,6.5,29,13),
(26,sysdate(),0,null,null,4,4,0.5,7,30,13),
(27,sysdate(),0,null,null,5,5,0.5,6.5,57,14),
(28,sysdate(),0,null,null,5,5,0.5,7,58,14),
(29,sysdate(),0,null,null,6,6,0.5,6.5,85,15),
(30,sysdate(),0,null,null,6,6,0.5,7,86,15),
(31,sysdate(),0,null,null,7,7,0.5,6.5,113,16),
(32,sysdate(),0,null,null,7,7,0.5,7,114,16),
(33,sysdate(),0,null,null,8,8,0.5,6.5,141,17),
(34,sysdate(),0,null,null,8,8,0.5,7,142,17),
(35,sysdate(),0,null,null,9,9,0.5,6.5,169,18),
(36,sysdate(),0,null,null,9,9,0.5,7,170,18),
(37,sysdate(),0,null,null,10,10,0.5,6.5,197,19),
(38,sysdate(),0,null,null,10,10,0.5,7,198,19),
(39,sysdate(),0,null,null,11,11,0.5,6.5,225,20),
(40,sysdate(),0,null,null,11,11,0.5,7,226,20),
(41,sysdate(),0,null,null,12,12,0.5,6.5,253,21),
(42,sysdate(),0,null,null,12,12,0.5,7,254,21),
(43,sysdate(),0,null,null,13,13,0.5,6.5,281,22),
(44,sysdate(),0,null,null,13,13,0.5,7,282,22);


